site_grouping-trap_number,site_grouping-longitude,site_grouping-latitude,site_grouping-elevation,site_grouping-selected_habitat_trap,site_grouping-selected_proximity,site_grouping-selected_land_type,site_grouping-trap_image,PARENT_KEY,KEY
197,11.1189,8.07422,941.0,forested fallow_land,anthill_termitemound,leaf_litter,1626170183885.jpg,uuid:78e1e027-0851-4c47-8077-ccb8e0e2f049,uuid:78e1e027-0851-4c47-8077-ccb8e0e2f049/non_village/trap[1]
198,11.11886,8.07422,945.0,forested,tree,leaf_litter,,uuid:78e1e027-0851-4c47-8077-ccb8e0e2f049,uuid:78e1e027-0851-4c47-8077-ccb8e0e2f049/non_village/trap[2]
199,11.11888,8.07421,942.0,forested,path,leaf_litter,,uuid:78e1e027-0851-4c47-8077-ccb8e0e2f049,uuid:78e1e027-0851-4c47-8077-ccb8e0e2f049/non_village/trap[3]
200,11.11883,8.07418,942.0,forested fallow_land,path tree,leaf_litter,,uuid:78e1e027-0851-4c47-8077-ccb8e0e2f049,uuid:78e1e027-0851-4c47-8077-ccb8e0e2f049/non_village/trap[4]
201,11.11881,8.07414,938.0,forested,path,leaf_litter,,uuid:78e1e027-0851-4c47-8077-ccb8e0e2f049,uuid:78e1e027-0851-4c47-8077-ccb8e0e2f049/non_village/trap[5]
202,11.11878,8.07413,937.0,forested fallow_land,path,leaf_litter bush,,uuid:78e1e027-0851-4c47-8077-ccb8e0e2f049,uuid:78e1e027-0851-4c47-8077-ccb8e0e2f049/non_village/trap[6]
203,11.11876,8907412.0,934.0,forested,tree,leaf_litter bush,,uuid:78e1e027-0851-4c47-8077-ccb8e0e2f049,uuid:78e1e027-0851-4c47-8077-ccb8e0e2f049/non_village/trap[7]
204,11.11886,8.07426,942.0,forested open_land,path,leaf_litter low_plants,,uuid:78e1e027-0851-4c47-8077-ccb8e0e2f049,uuid:78e1e027-0851-4c47-8077-ccb8e0e2f049/non_village/trap[8]
205,11.11883,8.07426,941.0,forested,path,leaf_litter,,uuid:78e1e027-0851-4c47-8077-ccb8e0e2f049,uuid:78e1e027-0851-4c47-8077-ccb8e0e2f049/non_village/trap[9]
206,11.11883,8.07425,939.0,forested,tree,leaf_litter,,uuid:78e1e027-0851-4c47-8077-ccb8e0e2f049,uuid:78e1e027-0851-4c47-8077-ccb8e0e2f049/non_village/trap[10]
207,11.11882,8.07424,938.0,forested fallow_land,tree,leaf_litter,,uuid:78e1e027-0851-4c47-8077-ccb8e0e2f049,uuid:78e1e027-0851-4c47-8077-ccb8e0e2f049/non_village/trap[11]
208,11.11879,807424.0,936.0,forested,path,leaf_litter,,uuid:78e1e027-0851-4c47-8077-ccb8e0e2f049,uuid:78e1e027-0851-4c47-8077-ccb8e0e2f049/non_village/trap[12]
209,11.11872,8.07419,933.0,forested,path,leaf_litter low_plants,,uuid:78e1e027-0851-4c47-8077-ccb8e0e2f049,uuid:78e1e027-0851-4c47-8077-ccb8e0e2f049/non_village/trap[13]
210,11.11869,8.07415,929.0,forested,tree,leaf_litter,,uuid:78e1e027-0851-4c47-8077-ccb8e0e2f049,uuid:78e1e027-0851-4c47-8077-ccb8e0e2f049/non_village/trap[14]
211,11.11883,8.07428,940.0,forested,tree,leaf_litter,,uuid:78e1e027-0851-4c47-8077-ccb8e0e2f049,uuid:78e1e027-0851-4c47-8077-ccb8e0e2f049/non_village/trap[15]
212,11.11879,8.07425,938.0,forested,fallen_log tree,leaf_litter,,uuid:78e1e027-0851-4c47-8077-ccb8e0e2f049,uuid:78e1e027-0851-4c47-8077-ccb8e0e2f049/non_village/trap[16]
213,11.11877,8.07425,936.0,forested,tree,leaf_litter,,uuid:78e1e027-0851-4c47-8077-ccb8e0e2f049,uuid:78e1e027-0851-4c47-8077-ccb8e0e2f049/non_village/trap[17]
214,11.11876,8.07425,935.0,forested,tree,leaf_litter,,uuid:78e1e027-0851-4c47-8077-ccb8e0e2f049,uuid:78e1e027-0851-4c47-8077-ccb8e0e2f049/non_village/trap[18]
215,11.11872,8.07426,932.0,forested,tree path,leaf_litter,,uuid:78e1e027-0851-4c47-8077-ccb8e0e2f049,uuid:78e1e027-0851-4c47-8077-ccb8e0e2f049/non_village/trap[19]
216,11.11869,8.0742,930.0,forested,tree,leaf_litter,,uuid:78e1e027-0851-4c47-8077-ccb8e0e2f049,uuid:78e1e027-0851-4c47-8077-ccb8e0e2f049/non_village/trap[20]
217,11.11864,8.07421,927.0,forested,anthill_termitemound tree,leaf_litter,,uuid:78e1e027-0851-4c47-8077-ccb8e0e2f049,uuid:78e1e027-0851-4c47-8077-ccb8e0e2f049/non_village/trap[21]
218,11.1188,8.0743,940.0,forested,tree,leaf_litter,,uuid:78e1e027-0851-4c47-8077-ccb8e0e2f049,uuid:78e1e027-0851-4c47-8077-ccb8e0e2f049/non_village/trap[22]
219,11.11876,8.0743,937.0,forested,path,leaf_litter,,uuid:78e1e027-0851-4c47-8077-ccb8e0e2f049,uuid:78e1e027-0851-4c47-8077-ccb8e0e2f049/non_village/trap[23]
220,11.11873,8.07434,933.0,forested,path,leaf_litter,,uuid:78e1e027-0851-4c47-8077-ccb8e0e2f049,uuid:78e1e027-0851-4c47-8077-ccb8e0e2f049/non_village/trap[24]
221,11.11867,8.07429,932.0,forested,path fallen_log,leaf_litter,,uuid:78e1e027-0851-4c47-8077-ccb8e0e2f049,uuid:78e1e027-0851-4c47-8077-ccb8e0e2f049/non_village/trap[25]
222,11.11868,8.07429,931.0,forested,path,leaf_litter,,uuid:78e1e027-0851-4c47-8077-ccb8e0e2f049,uuid:78e1e027-0851-4c47-8077-ccb8e0e2f049/non_village/trap[26]
223,11.11864,8.07426,927.0,forested,path,leaf_litter,,uuid:78e1e027-0851-4c47-8077-ccb8e0e2f049,uuid:78e1e027-0851-4c47-8077-ccb8e0e2f049/non_village/trap[27]
224,11.11865,8.07423,926.0,forested,tree,leaf_litter,,uuid:78e1e027-0851-4c47-8077-ccb8e0e2f049,uuid:78e1e027-0851-4c47-8077-ccb8e0e2f049/non_village/trap[28]
225,11.11873,8.07433,936.0,forested,path tree fallen_log,leaf_litter,,uuid:78e1e027-0851-4c47-8077-ccb8e0e2f049,uuid:78e1e027-0851-4c47-8077-ccb8e0e2f049/non_village/trap[29]
226,11.11871,8.07432,933.0,forested fallow_land,fallen_log,leaf_litter,,uuid:78e1e027-0851-4c47-8077-ccb8e0e2f049,uuid:78e1e027-0851-4c47-8077-ccb8e0e2f049/non_village/trap[30]
227,11.11867,8.0743,933.0,forested,tree,leaf_litter,,uuid:78e1e027-0851-4c47-8077-ccb8e0e2f049,uuid:78e1e027-0851-4c47-8077-ccb8e0e2f049/non_village/trap[31]
228,1111866.0,8.0743,930.0,forested,path,leaf_litter,,uuid:78e1e027-0851-4c47-8077-ccb8e0e2f049,uuid:78e1e027-0851-4c47-8077-ccb8e0e2f049/non_village/trap[32]
229,11.11863,8.07427,928.0,forested,tree,leaf_litter,,uuid:78e1e027-0851-4c47-8077-ccb8e0e2f049,uuid:78e1e027-0851-4c47-8077-ccb8e0e2f049/non_village/trap[33]
230,11.11861,8.07429,926.0,forested,path tree,leaf_litter,,uuid:78e1e027-0851-4c47-8077-ccb8e0e2f049,uuid:78e1e027-0851-4c47-8077-ccb8e0e2f049/non_village/trap[34]
231,11.11859,8.07427,925.0,forested,tree,leaf_litter,,uuid:78e1e027-0851-4c47-8077-ccb8e0e2f049,uuid:78e1e027-0851-4c47-8077-ccb8e0e2f049/non_village/trap[35]
232,11.11872,8.07435,938.0,forested,path tree,leaf_litter,,uuid:78e1e027-0851-4c47-8077-ccb8e0e2f049,uuid:78e1e027-0851-4c47-8077-ccb8e0e2f049/non_village/trap[36]
233,11.11866,8.07438,936.0,forested,path tree,leaf_litter clearing,,uuid:78e1e027-0851-4c47-8077-ccb8e0e2f049,uuid:78e1e027-0851-4c47-8077-ccb8e0e2f049/non_village/trap[37]
234,11.11862,8.07438,934.0,forested,tree,coffee_plant,,uuid:78e1e027-0851-4c47-8077-ccb8e0e2f049,uuid:78e1e027-0851-4c47-8077-ccb8e0e2f049/non_village/trap[38]
235,11.1186,8.0744,933.0,forested,path tree,leaf_litter coffee_plant,,uuid:78e1e027-0851-4c47-8077-ccb8e0e2f049,uuid:78e1e027-0851-4c47-8077-ccb8e0e2f049/non_village/trap[39]
236,11.11855,8.0744,932.0,forested,path tree,leaf_litter coffee_plant,,uuid:78e1e027-0851-4c47-8077-ccb8e0e2f049,uuid:78e1e027-0851-4c47-8077-ccb8e0e2f049/non_village/trap[40]
237,11.11854,8.07436,930.0,forested,path tree,leaf_litter,,uuid:78e1e027-0851-4c47-8077-ccb8e0e2f049,uuid:78e1e027-0851-4c47-8077-ccb8e0e2f049/non_village/trap[41]
238,11.1185,8.07432,926.0,forested,tree fallen_log,leaf_litter,,uuid:78e1e027-0851-4c47-8077-ccb8e0e2f049,uuid:78e1e027-0851-4c47-8077-ccb8e0e2f049/non_village/trap[42]
239,11.11872,8.07439,941.0,forested,path tree,coffee_plant leaf_litter,,uuid:78e1e027-0851-4c47-8077-ccb8e0e2f049,uuid:78e1e027-0851-4c47-8077-ccb8e0e2f049/non_village/trap[43]
240,11.11869,8.07439,939.0,forested,tree,leaf_litter coffee_plant,,uuid:78e1e027-0851-4c47-8077-ccb8e0e2f049,uuid:78e1e027-0851-4c47-8077-ccb8e0e2f049/non_village/trap[44]
241,11.11864,8.07441,937.0,forested,tree,coffee_plant leaf_litter,,uuid:78e1e027-0851-4c47-8077-ccb8e0e2f049,uuid:78e1e027-0851-4c47-8077-ccb8e0e2f049/non_village/trap[45]
242,11.11862,8.07439,939.0,forested,tree,coffee_plant,,uuid:78e1e027-0851-4c47-8077-ccb8e0e2f049,uuid:78e1e027-0851-4c47-8077-ccb8e0e2f049/non_village/trap[46]
243,11.1186,8.07439,939.0,forested,tree,leaf_litter low_plants,,uuid:78e1e027-0851-4c47-8077-ccb8e0e2f049,uuid:78e1e027-0851-4c47-8077-ccb8e0e2f049/non_village/trap[47]
244,11.11857,8.07437,937.0,forested,anthill_termitemound,leaf_litter clearing,,uuid:78e1e027-0851-4c47-8077-ccb8e0e2f049,uuid:78e1e027-0851-4c47-8077-ccb8e0e2f049/non_village/trap[48]
245,11.11855,8.07438,933.0,forested,tree,leaf_litter cacao_plant,,uuid:78e1e027-0851-4c47-8077-ccb8e0e2f049,uuid:78e1e027-0851-4c47-8077-ccb8e0e2f049/non_village/trap[49]
148,11.04773,8.11916,758.0,agricultural,path,banana_tree,,uuid:e0bb31af-bb65-4dd9-9d98-9362f4938665,uuid:e0bb31af-bb65-4dd9-9d98-9362f4938665/non_village/trap[1]
149,11.0477,8.11921,757.0,agricultural,path garden,clearing banana_tree,,uuid:e0bb31af-bb65-4dd9-9d98-9362f4938665,uuid:e0bb31af-bb65-4dd9-9d98-9362f4938665/non_village/trap[2]
150,11.04768,8.11921,757.0,open_land agricultural,path garden,grass clearing banana_tree,,uuid:e0bb31af-bb65-4dd9-9d98-9362f4938665,uuid:e0bb31af-bb65-4dd9-9d98-9362f4938665/non_village/trap[3]
151,11.04768,8.11925,755.0,agricultural,path,clearing grass low_plants,,uuid:e0bb31af-bb65-4dd9-9d98-9362f4938665,uuid:e0bb31af-bb65-4dd9-9d98-9362f4938665/non_village/trap[4]
152,11.04769,8.11928,758.0,agricultural,path tree,,,uuid:e0bb31af-bb65-4dd9-9d98-9362f4938665,uuid:e0bb31af-bb65-4dd9-9d98-9362f4938665/non_village/trap[5]
153,11.04773,8.11929,758.0,agricultural,tree road,leaf_litter cacao_plant,,uuid:e0bb31af-bb65-4dd9-9d98-9362f4938665,uuid:e0bb31af-bb65-4dd9-9d98-9362f4938665/non_village/trap[6]
154,11.0477,8.11931,757.0,agricultural,road tree,grass leaf_litter cacao_plant,,uuid:e0bb31af-bb65-4dd9-9d98-9362f4938665,uuid:e0bb31af-bb65-4dd9-9d98-9362f4938665/non_village/trap[7]
155,11.04768,8.11916,759.0,agricultural,road garden,grass banana_tree,,uuid:e0bb31af-bb65-4dd9-9d98-9362f4938665,uuid:e0bb31af-bb65-4dd9-9d98-9362f4938665/non_village/trap[8]
156,11.04768,8.11919,757.0,agricultural,road garden,grass banana_tree,,uuid:e0bb31af-bb65-4dd9-9d98-9362f4938665,uuid:e0bb31af-bb65-4dd9-9d98-9362f4938665/non_village/trap[9]
157,11.04768,8.1192,756.0,agricultural,road garden,grass banana_tree,,uuid:e0bb31af-bb65-4dd9-9d98-9362f4938665,uuid:e0bb31af-bb65-4dd9-9d98-9362f4938665/non_village/trap[10]
158,11.04765,8.11924,755.0,agricultural,road garden,leaf_litter cacao_plant,,uuid:e0bb31af-bb65-4dd9-9d98-9362f4938665,uuid:e0bb31af-bb65-4dd9-9d98-9362f4938665/non_village/trap[11]
159,11.04766,811925.0,754.0,agricultural,road garden,grass cacao_plant,,uuid:e0bb31af-bb65-4dd9-9d98-9362f4938665,uuid:e0bb31af-bb65-4dd9-9d98-9362f4938665/non_village/trap[12]
160,11.04764,8.11928,754.0,agricultural,garden,leaf_litter cacao_plant banana_tree,,uuid:e0bb31af-bb65-4dd9-9d98-9362f4938665,uuid:e0bb31af-bb65-4dd9-9d98-9362f4938665/non_village/trap[13]
161,11.04762,8.1193,752.0,agricultural,garden,leaf_litter cacao_plant banana_tree,,uuid:e0bb31af-bb65-4dd9-9d98-9362f4938665,uuid:e0bb31af-bb65-4dd9-9d98-9362f4938665/non_village/trap[14]
162,11.04758,8.11932,748.0,agricultural,garden,leaf_litter cacao_plant,,uuid:e0bb31af-bb65-4dd9-9d98-9362f4938665,uuid:e0bb31af-bb65-4dd9-9d98-9362f4938665/non_village/trap[15]
163,11.04756,8.1193,747.0,open_land agricultural,garden,grass marsh low_plants,,uuid:e0bb31af-bb65-4dd9-9d98-9362f4938665,uuid:e0bb31af-bb65-4dd9-9d98-9362f4938665/non_village/trap[16]
164,11.04757,8.11926,746.0,agricultural open_land,garden,grass clearing marsh,,uuid:e0bb31af-bb65-4dd9-9d98-9362f4938665,uuid:e0bb31af-bb65-4dd9-9d98-9362f4938665/non_village/trap[17]
165,11.04759,8.11926,747.0,agricultural open_land,garden,grass clearing low_plants,,uuid:e0bb31af-bb65-4dd9-9d98-9362f4938665,uuid:e0bb31af-bb65-4dd9-9d98-9362f4938665/non_village/trap[18]
166,11.04761,8.11923,747.0,open_land agricultural,garden,grass clearing low_plants,,uuid:e0bb31af-bb65-4dd9-9d98-9362f4938665,uuid:e0bb31af-bb65-4dd9-9d98-9362f4938665/non_village/trap[19]
167,11.04761,8.11921,749.0,open_land agricultural,garden,grass banana_tree low_plants,,uuid:e0bb31af-bb65-4dd9-9d98-9362f4938665,uuid:e0bb31af-bb65-4dd9-9d98-9362f4938665/non_village/trap[20]
168,11.04763,8.11916,752.0,agricultural,garden,leaf_litter banana_tree,,uuid:e0bb31af-bb65-4dd9-9d98-9362f4938665,uuid:e0bb31af-bb65-4dd9-9d98-9362f4938665/non_village/trap[21]
169,11.04758,8.11934,748.0,open_land agricultural,garden,leaf_litter cacao_plant banana_tree,,uuid:e0bb31af-bb65-4dd9-9d98-9362f4938665,uuid:e0bb31af-bb65-4dd9-9d98-9362f4938665/non_village/trap[22]
170,11.04755,8.11931,747.0,open_land agricultural,garden,marsh low_plants grass,,uuid:e0bb31af-bb65-4dd9-9d98-9362f4938665,uuid:e0bb31af-bb65-4dd9-9d98-9362f4938665/non_village/trap[23]
171,11.04754,8.11928,747.0,open_land agricultural,garden,grass marsh low_plants,,uuid:e0bb31af-bb65-4dd9-9d98-9362f4938665,uuid:e0bb31af-bb65-4dd9-9d98-9362f4938665/non_village/trap[24]
172,11.04757,8.11927,748.0,open_land agricultural,garden,grass low_plants,,uuid:e0bb31af-bb65-4dd9-9d98-9362f4938665,uuid:e0bb31af-bb65-4dd9-9d98-9362f4938665/non_village/trap[25]
173,11.04756,8.11924,749.0,open_land agricultural,garden,marsh low_plants,,uuid:e0bb31af-bb65-4dd9-9d98-9362f4938665,uuid:e0bb31af-bb65-4dd9-9d98-9362f4938665/non_village/trap[26]
174,11.04756,8.11921,748.0,open_land agricultural,garden fallen_log,grass clearing marsh low_plants,,uuid:e0bb31af-bb65-4dd9-9d98-9362f4938665,uuid:e0bb31af-bb65-4dd9-9d98-9362f4938665/non_village/trap[27]
175,11.04756,8.11918,751.0,open_land agricultural,fallen_log,grass clearing cacao_plant,1625848010676.jpg,uuid:e0bb31af-bb65-4dd9-9d98-9362f4938665,uuid:e0bb31af-bb65-4dd9-9d98-9362f4938665/non_village/trap[28]
176,11.04752,8.11937,746.0,open_land agricultural,garden,leaf_litter banana_tree cacao_plant,,uuid:e0bb31af-bb65-4dd9-9d98-9362f4938665,uuid:e0bb31af-bb65-4dd9-9d98-9362f4938665/non_village/trap[29]
177,11.0475,8.11934,745.0,open_land agricultural,garden,grass clearing marsh low_plants,,uuid:e0bb31af-bb65-4dd9-9d98-9362f4938665,uuid:e0bb31af-bb65-4dd9-9d98-9362f4938665/non_village/trap[30]
178,11.04749,8.11931,746.0,agricultural open_land,garden,grass clearing marsh low_plants,,uuid:e0bb31af-bb65-4dd9-9d98-9362f4938665,uuid:e0bb31af-bb65-4dd9-9d98-9362f4938665/non_village/trap[31]
179,11.04749,8.11928,747.0,open_land agricultural,garden,grass clearing low_plants marsh,,uuid:e0bb31af-bb65-4dd9-9d98-9362f4938665,uuid:e0bb31af-bb65-4dd9-9d98-9362f4938665/non_village/trap[32]
180,11.04748,8.11925,747.0,open_land agricultural,garden,grass clearing marsh low_plants,,uuid:e0bb31af-bb65-4dd9-9d98-9362f4938665,uuid:e0bb31af-bb65-4dd9-9d98-9362f4938665/non_village/trap[33]
181,11.04751,8.11921,748.0,open_land agricultural,garden,grass clearing marsh low_plants,,uuid:e0bb31af-bb65-4dd9-9d98-9362f4938665,uuid:e0bb31af-bb65-4dd9-9d98-9362f4938665/non_village/trap[34]
182,11.04752,8.11917,752.0,open_land agricultural,fallen_log tree,grass clearing cacao_plant low_plants,,uuid:e0bb31af-bb65-4dd9-9d98-9362f4938665,uuid:e0bb31af-bb65-4dd9-9d98-9362f4938665/non_village/trap[35]
183,11.04746,8.11936,746.0,agricultural,tree,leaf_litter cacao_plant,,uuid:e0bb31af-bb65-4dd9-9d98-9362f4938665,uuid:e0bb31af-bb65-4dd9-9d98-9362f4938665/non_village/trap[36]
184,11.04745,8.11932,740.0,agricultural,tree,grass clearing low_plants,,uuid:e0bb31af-bb65-4dd9-9d98-9362f4938665,uuid:e0bb31af-bb65-4dd9-9d98-9362f4938665/non_village/trap[37]
185,11.04745,8.11927,741.0,open_land agricultural,garden,grass clearing marsh low_plants,,uuid:e0bb31af-bb65-4dd9-9d98-9362f4938665,uuid:e0bb31af-bb65-4dd9-9d98-9362f4938665/non_village/trap[38]
186,11.04744,8.11922,741.0,open_land agricultural,garden,marsh low_plants grass clearing,,uuid:e0bb31af-bb65-4dd9-9d98-9362f4938665,uuid:e0bb31af-bb65-4dd9-9d98-9362f4938665/non_village/trap[39]
187,11.04743,8.11918,739.0,open_land agricultural,garden,grass clearing low_plants marsh,,uuid:e0bb31af-bb65-4dd9-9d98-9362f4938665,uuid:e0bb31af-bb65-4dd9-9d98-9362f4938665/non_village/trap[40]
188,11.04743,811915.0,741.0,open_land agricultural,garden,grass clearing cacao_plant,,uuid:e0bb31af-bb65-4dd9-9d98-9362f4938665,uuid:e0bb31af-bb65-4dd9-9d98-9362f4938665/non_village/trap[41]
189,11.04742,8.11911,741.0,open_land agricultural,garden tree,leaf_litter cacao_plant banana_tree,,uuid:e0bb31af-bb65-4dd9-9d98-9362f4938665,uuid:e0bb31af-bb65-4dd9-9d98-9362f4938665/non_village/trap[42]
190,11.04742,8.11936,739.0,agricultural,tree,leaf_litter cacao_plant banana_tree,,uuid:e0bb31af-bb65-4dd9-9d98-9362f4938665,uuid:e0bb31af-bb65-4dd9-9d98-9362f4938665/non_village/trap[43]
191,11.04739,8.11933,738.0,open_land agricultural,garden,grass clearing marsh low_plants,,uuid:e0bb31af-bb65-4dd9-9d98-9362f4938665,uuid:e0bb31af-bb65-4dd9-9d98-9362f4938665/non_village/trap[44]
192,11.04737,8.1193,739.0,open_land agricultural,garden,grass clearing marsh,,uuid:e0bb31af-bb65-4dd9-9d98-9362f4938665,uuid:e0bb31af-bb65-4dd9-9d98-9362f4938665/non_village/trap[45]
193,11.04737,8.11926,737.0,open_land agricultural,garden,grass clearing marsh,,uuid:e0bb31af-bb65-4dd9-9d98-9362f4938665,uuid:e0bb31af-bb65-4dd9-9d98-9362f4938665/non_village/trap[46]
194,11.04734,8.11915,734.0,open_land agricultural,garden,grass clearing marsh,,uuid:e0bb31af-bb65-4dd9-9d98-9362f4938665,uuid:e0bb31af-bb65-4dd9-9d98-9362f4938665/non_village/trap[47]
195,11.04734,8.11907,736.0,open_land agricultural,garden,clearing banana_tree cacao_plant grass,,uuid:e0bb31af-bb65-4dd9-9d98-9362f4938665,uuid:e0bb31af-bb65-4dd9-9d98-9362f4938665/non_village/trap[48]
196,11.04733,8.11901,735.0,open_land agricultural,garden tree,leaf_litter clearing banana_tree cacao_plant,,uuid:e0bb31af-bb65-4dd9-9d98-9362f4938665,uuid:e0bb31af-bb65-4dd9-9d98-9362f4938665/non_village/trap[49]
246,11.04702,8.11645,799.0,forested,path,leaf_litter,1625833848134.jpg,uuid:27156cf2-566e-4a51-a3d1-d9e9eaedd229,uuid:27156cf2-566e-4a51-a3d1-d9e9eaedd229/non_village/trap[1]
247,11.04696,8.11643,806.0,forested,path,leaf_litter rocks,,uuid:27156cf2-566e-4a51-a3d1-d9e9eaedd229,uuid:27156cf2-566e-4a51-a3d1-d9e9eaedd229/non_village/trap[2]
248,11.04696,8.11644,813.0,forested,path tree,leaf_litter rocks,,uuid:27156cf2-566e-4a51-a3d1-d9e9eaedd229,uuid:27156cf2-566e-4a51-a3d1-d9e9eaedd229/non_village/trap[3]
249,11.04691,8.11642,820.0,forested fallow_land,path,,,uuid:27156cf2-566e-4a51-a3d1-d9e9eaedd229,uuid:27156cf2-566e-4a51-a3d1-d9e9eaedd229/non_village/trap[4]
250,11.04689,8.11642,824.0,forested fallow_land open_land,path,rocks,,uuid:27156cf2-566e-4a51-a3d1-d9e9eaedd229,uuid:27156cf2-566e-4a51-a3d1-d9e9eaedd229/non_village/trap[5]
251,11.04687,8.11643,834.0,forested fallow_land,path tree,rocks,,uuid:27156cf2-566e-4a51-a3d1-d9e9eaedd229,uuid:27156cf2-566e-4a51-a3d1-d9e9eaedd229/non_village/trap[6]
252,11.04685,8.11643,840.0,forested fallow_land,path,rocks,,uuid:27156cf2-566e-4a51-a3d1-d9e9eaedd229,uuid:27156cf2-566e-4a51-a3d1-d9e9eaedd229/non_village/trap[7]
253,11.04699,8.1165,801.0,fallow_land forested,tree,leaf_litter bush,,uuid:27156cf2-566e-4a51-a3d1-d9e9eaedd229,uuid:27156cf2-566e-4a51-a3d1-d9e9eaedd229/non_village/trap[8]
254,11.04696,8.11651,805.0,forested fallow_land,tree,rocks,,uuid:27156cf2-566e-4a51-a3d1-d9e9eaedd229,uuid:27156cf2-566e-4a51-a3d1-d9e9eaedd229/non_village/trap[9]
255,11.04695,8.11652,809.0,forested fallow_land,path,rocks bush,,uuid:27156cf2-566e-4a51-a3d1-d9e9eaedd229,uuid:27156cf2-566e-4a51-a3d1-d9e9eaedd229/non_village/trap[10]
256,11.04693,8.1165,813.0,forested,path,rocks leaf_litter,,uuid:27156cf2-566e-4a51-a3d1-d9e9eaedd229,uuid:27156cf2-566e-4a51-a3d1-d9e9eaedd229/non_village/trap[11]
257,11.04683,8.11649,818.0,forested fallow_land,path tree,leaf_litter rocks,,uuid:27156cf2-566e-4a51-a3d1-d9e9eaedd229,uuid:27156cf2-566e-4a51-a3d1-d9e9eaedd229/non_village/trap[12]
258,11.04688,8.11651,820.0,fallow_land forested,tree,rocks,,uuid:27156cf2-566e-4a51-a3d1-d9e9eaedd229,uuid:27156cf2-566e-4a51-a3d1-d9e9eaedd229/non_village/trap[13]
259,11.04687,8.11649,824.0,forested fallow_land,tree path,leaf_litter rocks,,uuid:27156cf2-566e-4a51-a3d1-d9e9eaedd229,uuid:27156cf2-566e-4a51-a3d1-d9e9eaedd229/non_village/trap[14]
260,11.04696,8.11654,791.0,forested fallow_land,path fallen_log,rocks,,uuid:27156cf2-566e-4a51-a3d1-d9e9eaedd229,uuid:27156cf2-566e-4a51-a3d1-d9e9eaedd229/non_village/trap[15]
261,11.04695,8.11654,796.0,forested,fallen_log,bush,,uuid:27156cf2-566e-4a51-a3d1-d9e9eaedd229,uuid:27156cf2-566e-4a51-a3d1-d9e9eaedd229/non_village/trap[16]
262,11.04694,8.11655,800.0,forested fallow_land,path,rocks,,uuid:27156cf2-566e-4a51-a3d1-d9e9eaedd229,uuid:27156cf2-566e-4a51-a3d1-d9e9eaedd229/non_village/trap[17]
263,11.04689,8.11652,803.0,forested fallow_land,tree,rocks leaf_litter,,uuid:27156cf2-566e-4a51-a3d1-d9e9eaedd229,uuid:27156cf2-566e-4a51-a3d1-d9e9eaedd229/non_village/trap[18]
264,11.04687,8.11654,808.0,fallow_land forested,path,rocks leaf_litter,,uuid:27156cf2-566e-4a51-a3d1-d9e9eaedd229,uuid:27156cf2-566e-4a51-a3d1-d9e9eaedd229/non_village/trap[19]
265,11.04686,8.11654,815.0,forested fallow_land,tree,rocks leaf_litter,,uuid:27156cf2-566e-4a51-a3d1-d9e9eaedd229,uuid:27156cf2-566e-4a51-a3d1-d9e9eaedd229/non_village/trap[20]
266,11.04684,8.11653,822.0,forested fallow_land,road,leaf_litter bush,,uuid:27156cf2-566e-4a51-a3d1-d9e9eaedd229,uuid:27156cf2-566e-4a51-a3d1-d9e9eaedd229/non_village/trap[21]
267,11.04697,8.11657,783.0,fallow_land forested,road,edge leaf_litter,,uuid:27156cf2-566e-4a51-a3d1-d9e9eaedd229,uuid:27156cf2-566e-4a51-a3d1-d9e9eaedd229/non_village/trap[22]
268,11.04694,8.1166,789.0,fallow_land forested,path,leaf_litter,,uuid:27156cf2-566e-4a51-a3d1-d9e9eaedd229,uuid:27156cf2-566e-4a51-a3d1-d9e9eaedd229/non_village/trap[23]
269,11.04694,8.11656,794.0,forested fallow_land,path tree,leaf_litter,,uuid:27156cf2-566e-4a51-a3d1-d9e9eaedd229,uuid:27156cf2-566e-4a51-a3d1-d9e9eaedd229/non_village/trap[24]
270,11.04691,8.11658,800.0,fallow_land forested,path tree,leaf_litter,,uuid:27156cf2-566e-4a51-a3d1-d9e9eaedd229,uuid:27156cf2-566e-4a51-a3d1-d9e9eaedd229/non_village/trap[25]
271,11.04689,8.11656,806.0,fallow_land forested,path tree,rocks,,uuid:27156cf2-566e-4a51-a3d1-d9e9eaedd229,uuid:27156cf2-566e-4a51-a3d1-d9e9eaedd229/non_village/trap[26]
272,11.04686,8.11655,812.0,forested,path,rocks leaf_litter,,uuid:27156cf2-566e-4a51-a3d1-d9e9eaedd229,uuid:27156cf2-566e-4a51-a3d1-d9e9eaedd229/non_village/trap[27]
273,11.04683,8.11656,819.0,forested,path,leaf_litter rocks,,uuid:27156cf2-566e-4a51-a3d1-d9e9eaedd229,uuid:27156cf2-566e-4a51-a3d1-d9e9eaedd229/non_village/trap[28]
274,11.04696,8.11664,780.0,fallow_land forested,path,edge leaf_litter,,uuid:27156cf2-566e-4a51-a3d1-d9e9eaedd229,uuid:27156cf2-566e-4a51-a3d1-d9e9eaedd229/non_village/trap[29]
275,11.04694,8.11662,784.0,fallow_land forested,tree,leaf_litter rocks,,uuid:27156cf2-566e-4a51-a3d1-d9e9eaedd229,uuid:27156cf2-566e-4a51-a3d1-d9e9eaedd229/non_village/trap[30]
276,11.04693,8.11661,788.0,forested,tree,leaf_litter,,uuid:27156cf2-566e-4a51-a3d1-d9e9eaedd229,uuid:27156cf2-566e-4a51-a3d1-d9e9eaedd229/non_village/trap[31]
277,11.0469,8.1166,791.0,forested fallow_land,tree,leaf_litter,,uuid:27156cf2-566e-4a51-a3d1-d9e9eaedd229,uuid:27156cf2-566e-4a51-a3d1-d9e9eaedd229/non_village/trap[32]
278,11.04689,8.11662,795.0,forested fallow_land,tree,leaf_litter rocks,,uuid:27156cf2-566e-4a51-a3d1-d9e9eaedd229,uuid:27156cf2-566e-4a51-a3d1-d9e9eaedd229/non_village/trap[33]
279,11.04687,8.11662,804.0,forested fallow_land,path,leaf_litter rocks,,uuid:27156cf2-566e-4a51-a3d1-d9e9eaedd229,uuid:27156cf2-566e-4a51-a3d1-d9e9eaedd229/non_village/trap[34]
280,11.04685,8.11662,815.0,forested fallow_land,tree,rocks leaf_litter,,uuid:27156cf2-566e-4a51-a3d1-d9e9eaedd229,uuid:27156cf2-566e-4a51-a3d1-d9e9eaedd229/non_village/trap[35]
281,11.04699,8.1167,781.0,fallow_land forested,path tree,edge leaf_litter,,uuid:27156cf2-566e-4a51-a3d1-d9e9eaedd229,uuid:27156cf2-566e-4a51-a3d1-d9e9eaedd229/non_village/trap[36]
282,11.04698,8.11671,783.0,forested fallow_land,tree,leaf_litter bush,,uuid:27156cf2-566e-4a51-a3d1-d9e9eaedd229,uuid:27156cf2-566e-4a51-a3d1-d9e9eaedd229/non_village/trap[37]
283,11.04695,8.1167,792.0,forested fallow_land,tree,leaf_litter,,uuid:27156cf2-566e-4a51-a3d1-d9e9eaedd229,uuid:27156cf2-566e-4a51-a3d1-d9e9eaedd229/non_village/trap[38]
284,11.04692,8.11671,796.0,forested,tree,leaf_litter,,uuid:27156cf2-566e-4a51-a3d1-d9e9eaedd229,uuid:27156cf2-566e-4a51-a3d1-d9e9eaedd229/non_village/trap[39]
285,11.04689,8.11669,801.0,forested fallow_land,tree,leaf_litter,,uuid:27156cf2-566e-4a51-a3d1-d9e9eaedd229,uuid:27156cf2-566e-4a51-a3d1-d9e9eaedd229/non_village/trap[40]
286,11.04685,8.11671,810.0,forested,tree,leaf_litter,,uuid:27156cf2-566e-4a51-a3d1-d9e9eaedd229,uuid:27156cf2-566e-4a51-a3d1-d9e9eaedd229/non_village/trap[41]
287,11.04683,8.11669,818.0,forested fallow_land,tree,leaf_litter rocks,,uuid:27156cf2-566e-4a51-a3d1-d9e9eaedd229,uuid:27156cf2-566e-4a51-a3d1-d9e9eaedd229/non_village/trap[42]
288,11.04702,8.11673,783.0,fallow_land forested,tree,leaf_litter,,uuid:27156cf2-566e-4a51-a3d1-d9e9eaedd229,uuid:27156cf2-566e-4a51-a3d1-d9e9eaedd229/non_village/trap[43]
289,11.04698,8.11674,787.0,forested fallow_land,tree,leaf_litter,,uuid:27156cf2-566e-4a51-a3d1-d9e9eaedd229,uuid:27156cf2-566e-4a51-a3d1-d9e9eaedd229/non_village/trap[44]
290,11.04696,8.11678,791.0,fallow_land forested,anthill_termitemound,leaf_litter,,uuid:27156cf2-566e-4a51-a3d1-d9e9eaedd229,uuid:27156cf2-566e-4a51-a3d1-d9e9eaedd229/non_village/trap[45]
291,11.04693,8.11677,795.0,forested fallow_land,tree,leaf_litter,,uuid:27156cf2-566e-4a51-a3d1-d9e9eaedd229,uuid:27156cf2-566e-4a51-a3d1-d9e9eaedd229/non_village/trap[46]
292,11.04689,8.11678,796.0,forested fallow_land,tree,leaf_litter bush,,uuid:27156cf2-566e-4a51-a3d1-d9e9eaedd229,uuid:27156cf2-566e-4a51-a3d1-d9e9eaedd229/non_village/trap[47]
293,11.04687,8.11681,798.0,forested fallow_land,tree,leaf_litter,,uuid:27156cf2-566e-4a51-a3d1-d9e9eaedd229,uuid:27156cf2-566e-4a51-a3d1-d9e9eaedd229/non_village/trap[48]
294,11.04683,8.1168,803.0,forested fallow_land,tree,leaf_litter bush,,uuid:27156cf2-566e-4a51-a3d1-d9e9eaedd229,uuid:27156cf2-566e-4a51-a3d1-d9e9eaedd229/non_village/trap[49]
197,11.04811,8.11619,754.0,agricultural,tree,cassava_plant,1625824303307.jpg,uuid:41c21c5b-6b94-4789-a62b-a9d72339a912,uuid:41c21c5b-6b94-4789-a62b-a9d72339a912/non_village/trap[1]
198,11.0481,8.11623,754.0,agricultural,tree,cassava_plant,,uuid:41c21c5b-6b94-4789-a62b-a9d72339a912,uuid:41c21c5b-6b94-4789-a62b-a9d72339a912/non_village/trap[2]
199,11.04809,8.11628,753.0,agricultural,garden,cassava_plant,,uuid:41c21c5b-6b94-4789-a62b-a9d72339a912,uuid:41c21c5b-6b94-4789-a62b-a9d72339a912/non_village/trap[3]
200,11.04809,8.11631,753.0,agricultural,garden,cassava_plant,,uuid:41c21c5b-6b94-4789-a62b-a9d72339a912,uuid:41c21c5b-6b94-4789-a62b-a9d72339a912/non_village/trap[4]
201,11.04809,8.11633,753.0,agricultural,tree,cassava_plant,,uuid:41c21c5b-6b94-4789-a62b-a9d72339a912,uuid:41c21c5b-6b94-4789-a62b-a9d72339a912/non_village/trap[5]
202,11.04809,8.11635,751.0,agricultural,tree,cassava_plant,,uuid:41c21c5b-6b94-4789-a62b-a9d72339a912,uuid:41c21c5b-6b94-4789-a62b-a9d72339a912/non_village/trap[6]
203,11.04809,8.11638,750.0,agricultural,tree,clearing,,uuid:41c21c5b-6b94-4789-a62b-a9d72339a912,uuid:41c21c5b-6b94-4789-a62b-a9d72339a912/non_village/trap[7]
204,1104813.0,8.11623,756.0,agricultural,tree,cassava_plant,,uuid:41c21c5b-6b94-4789-a62b-a9d72339a912,uuid:41c21c5b-6b94-4789-a62b-a9d72339a912/non_village/trap[8]
205,11.04812,8.11626,754.0,open_land,garden,grass,,uuid:41c21c5b-6b94-4789-a62b-a9d72339a912,uuid:41c21c5b-6b94-4789-a62b-a9d72339a912/non_village/trap[9]
206,11.04812,8.11629,753.0,open_land,tree,leaf_litter,,uuid:41c21c5b-6b94-4789-a62b-a9d72339a912,uuid:41c21c5b-6b94-4789-a62b-a9d72339a912/non_village/trap[10]
207,11.04813,8.11631,755.0,open_land,garden,clearing cassava_plant,,uuid:41c21c5b-6b94-4789-a62b-a9d72339a912,uuid:41c21c5b-6b94-4789-a62b-a9d72339a912/non_village/trap[11]
208,11.04813,8.11633,754.0,open_land agricultural,garden,cassava_plant,,uuid:41c21c5b-6b94-4789-a62b-a9d72339a912,uuid:41c21c5b-6b94-4789-a62b-a9d72339a912/non_village/trap[12]
209,11.04814,8.11635,754.0,agricultural,garden,cassava_plant,,uuid:41c21c5b-6b94-4789-a62b-a9d72339a912,uuid:41c21c5b-6b94-4789-a62b-a9d72339a912/non_village/trap[13]
210,11.04814,8.11637,753.0,agricultural open_land,tree,grass,,uuid:41c21c5b-6b94-4789-a62b-a9d72339a912,uuid:41c21c5b-6b94-4789-a62b-a9d72339a912/non_village/trap[14]
211,11.04816,8.11629,760.0,open_land,garden,clearing,,uuid:41c21c5b-6b94-4789-a62b-a9d72339a912,uuid:41c21c5b-6b94-4789-a62b-a9d72339a912/non_village/trap[15]
212,11.04817,8.11629,773.0,open_land,garden,clearing cassava_plant,,uuid:41c21c5b-6b94-4789-a62b-a9d72339a912,uuid:41c21c5b-6b94-4789-a62b-a9d72339a912/non_village/trap[16]
213,11.04818,8.11631,772.0,open_land agricultural,garden,grass clearing,,uuid:41c21c5b-6b94-4789-a62b-a9d72339a912,uuid:41c21c5b-6b94-4789-a62b-a9d72339a912/non_village/trap[17]
214,11.04818,8.11633,769.0,open_land,garden,clearing,,uuid:41c21c5b-6b94-4789-a62b-a9d72339a912,uuid:41c21c5b-6b94-4789-a62b-a9d72339a912/non_village/trap[18]
215,11.04818,8.11635,767.0,open_land agricultural,garden tree,clearing,,uuid:41c21c5b-6b94-4789-a62b-a9d72339a912,uuid:41c21c5b-6b94-4789-a62b-a9d72339a912/non_village/trap[19]
216,11.04819,8.11638,766.0,open_land agricultural,garden,clearing cassava_plant,,uuid:41c21c5b-6b94-4789-a62b-a9d72339a912,uuid:41c21c5b-6b94-4789-a62b-a9d72339a912/non_village/trap[20]
217,11.04818,8.1164,765.0,agricultural open_land,tree,clearing cassava_plant,,uuid:41c21c5b-6b94-4789-a62b-a9d72339a912,uuid:41c21c5b-6b94-4789-a62b-a9d72339a912/non_village/trap[21]
218,11.0482,8.11528,768.0,agricultural open_land,garden,cassava_plant clearing,,uuid:41c21c5b-6b94-4789-a62b-a9d72339a912,uuid:41c21c5b-6b94-4789-a62b-a9d72339a912/non_village/trap[22]
219,11.04819,8.11632,767.0,agricultural open_land,garden,clearing,,uuid:41c21c5b-6b94-4789-a62b-a9d72339a912,uuid:41c21c5b-6b94-4789-a62b-a9d72339a912/non_village/trap[23]
220,11.0482,8.11634,767.0,agricultural open_land,garden,clearing cassava_plant,,uuid:41c21c5b-6b94-4789-a62b-a9d72339a912,uuid:41c21c5b-6b94-4789-a62b-a9d72339a912/non_village/trap[24]
221,11.04821,8.11636,766.0,open_land,tree,grass clearing,,uuid:41c21c5b-6b94-4789-a62b-a9d72339a912,uuid:41c21c5b-6b94-4789-a62b-a9d72339a912/non_village/trap[25]
222,11.04821,8.11638,767.0,open_land agricultural,garden,clearing cassava_plant,,uuid:41c21c5b-6b94-4789-a62b-a9d72339a912,uuid:41c21c5b-6b94-4789-a62b-a9d72339a912/non_village/trap[26]
223,11.04822,8.1164,767.0,open_land agricultural,garden tree,clearing,,uuid:41c21c5b-6b94-4789-a62b-a9d72339a912,uuid:41c21c5b-6b94-4789-a62b-a9d72339a912/non_village/trap[27]
224,11.04821,8.11643,766.0,open_land agricultural,garden,grass clearing,,uuid:41c21c5b-6b94-4789-a62b-a9d72339a912,uuid:41c21c5b-6b94-4789-a62b-a9d72339a912/non_village/trap[28]
225,11.04824,8.11629,773.0,open_land agricultural,garden,grass clearing,,uuid:41c21c5b-6b94-4789-a62b-a9d72339a912,uuid:41c21c5b-6b94-4789-a62b-a9d72339a912/non_village/trap[29]
226,11.04823,8.11631,773.0,agricultural open_land,garden,grass clearing,,uuid:41c21c5b-6b94-4789-a62b-a9d72339a912,uuid:41c21c5b-6b94-4789-a62b-a9d72339a912/non_village/trap[30]
227,11.04824,8.11635,774.0,open_land agricultural,garden,clearing grass cassava_plant,,uuid:41c21c5b-6b94-4789-a62b-a9d72339a912,uuid:41c21c5b-6b94-4789-a62b-a9d72339a912/non_village/trap[31]
228,11.04824,8.11637,773.0,agricultural open_land,garden,grass clearing,,uuid:41c21c5b-6b94-4789-a62b-a9d72339a912,uuid:41c21c5b-6b94-4789-a62b-a9d72339a912/non_village/trap[32]
229,11.04824,8.11639,770.0,open_land agricultural,garden,clearing grass cassava_plant,1625828602347.jpg,uuid:41c21c5b-6b94-4789-a62b-a9d72339a912,uuid:41c21c5b-6b94-4789-a62b-a9d72339a912/non_village/trap[33]
230,11.04824,8.11641,769.0,open_land agricultural,garden tree,clearing cassava_plant,,uuid:41c21c5b-6b94-4789-a62b-a9d72339a912,uuid:41c21c5b-6b94-4789-a62b-a9d72339a912/non_village/trap[34]
231,11.04825,8.11643,769.0,open_land agricultural,garden,grass clearing cassava_plant,,uuid:41c21c5b-6b94-4789-a62b-a9d72339a912,uuid:41c21c5b-6b94-4789-a62b-a9d72339a912/non_village/trap[35]
232,11.04826,8.11629,774.0,open_land agricultural,garden,clearing grass cassava_plant,,uuid:41c21c5b-6b94-4789-a62b-a9d72339a912,uuid:41c21c5b-6b94-4789-a62b-a9d72339a912/non_village/trap[36]
233,11.04826,8.11631,776.0,open_land agricultural,garden tree,clearing,,uuid:41c21c5b-6b94-4789-a62b-a9d72339a912,uuid:41c21c5b-6b94-4789-a62b-a9d72339a912/non_village/trap[37]
234,11.04827,8.11634,776.0,open_land agricultural,garden,clearing cassava_plant,,uuid:41c21c5b-6b94-4789-a62b-a9d72339a912,uuid:41c21c5b-6b94-4789-a62b-a9d72339a912/non_village/trap[38]
235,11.04828,8.11635,778.0,open_land agricultural,garden,clearing grass,,uuid:41c21c5b-6b94-4789-a62b-a9d72339a912,uuid:41c21c5b-6b94-4789-a62b-a9d72339a912/non_village/trap[39]
236,11.04828,8.11638,778.0,agricultural,garden,clearing cassava_plant,,uuid:41c21c5b-6b94-4789-a62b-a9d72339a912,uuid:41c21c5b-6b94-4789-a62b-a9d72339a912/non_village/trap[40]
237,11.04829,8.1164,777.0,open_land agricultural,garden,grass clearing cassava_plant,,uuid:41c21c5b-6b94-4789-a62b-a9d72339a912,uuid:41c21c5b-6b94-4789-a62b-a9d72339a912/non_village/trap[41]
238,11.0483,8.11643,777.0,open_land agricultural,garden,clearing cassava_plant,,uuid:41c21c5b-6b94-4789-a62b-a9d72339a912,uuid:41c21c5b-6b94-4789-a62b-a9d72339a912/non_village/trap[42]
239,11.04831,811633.0,784.0,open_land agricultural,garden,grass clearing cassava_plant,,uuid:41c21c5b-6b94-4789-a62b-a9d72339a912,uuid:41c21c5b-6b94-4789-a62b-a9d72339a912/non_village/trap[43]
240,11.04831,8.11635,783.0,open_land agricultural,garden,grass clearing cassava_plant,,uuid:41c21c5b-6b94-4789-a62b-a9d72339a912,uuid:41c21c5b-6b94-4789-a62b-a9d72339a912/non_village/trap[44]
241,11.04832,8.11638,784.0,agricultural open_land,garden,grass clearing,,uuid:41c21c5b-6b94-4789-a62b-a9d72339a912,uuid:41c21c5b-6b94-4789-a62b-a9d72339a912/non_village/trap[45]
242,11.04833,8.1164,782.0,open_land agricultural,garden,grass clearing,,uuid:41c21c5b-6b94-4789-a62b-a9d72339a912,uuid:41c21c5b-6b94-4789-a62b-a9d72339a912/non_village/trap[46]
243,11.04834,8.11643,782.0,open_land agricultural,garden,grass clearing cassava_plant,,uuid:41c21c5b-6b94-4789-a62b-a9d72339a912,uuid:41c21c5b-6b94-4789-a62b-a9d72339a912/non_village/trap[47]
244,11.04835,8.11644,780.0,open_land agricultural,garden,clearing cassava_plant,,uuid:41c21c5b-6b94-4789-a62b-a9d72339a912,uuid:41c21c5b-6b94-4789-a62b-a9d72339a912/non_village/trap[48]
245,11.04837,8.11645,780.0,open_land agricultural,garden,grass clearing,,uuid:41c21c5b-6b94-4789-a62b-a9d72339a912,uuid:41c21c5b-6b94-4789-a62b-a9d72339a912/non_village/trap[49]
148,15.9942,50.1791,121.0,agricultural,path,bush grass,,uuid:39765914-eb73-4a67-98e7-e2c704b24e56,uuid:39765914-eb73-4a67-98e7-e2c704b24e56/non_village/trap[1]
149,15.9953,50.1785,122.0,agricultural,tree,banana_tree bush,,uuid:39765914-eb73-4a67-98e7-e2c704b24e56,uuid:39765914-eb73-4a67-98e7-e2c704b24e56/non_village/trap[2]
150,15.9971,50.1809,122.0,agricultural,,banana_tree low_plants,,uuid:39765914-eb73-4a67-98e7-e2c704b24e56,uuid:39765914-eb73-4a67-98e7-e2c704b24e56/non_village/trap[3]
151,15.9988,50.1809,125.0,agricultural,,banana_tree low_plants,,uuid:39765914-eb73-4a67-98e7-e2c704b24e56,uuid:39765914-eb73-4a67-98e7-e2c704b24e56/non_village/trap[4]
152,15.9995,50.1802,121.0,agricultural,,banana_tree low_plants,,uuid:39765914-eb73-4a67-98e7-e2c704b24e56,uuid:39765914-eb73-4a67-98e7-e2c704b24e56/non_village/trap[5]
153,16.0015,50.1827,122.0,agricultural,anthill_termitemound,banana_tree,,uuid:39765914-eb73-4a67-98e7-e2c704b24e56,uuid:39765914-eb73-4a67-98e7-e2c704b24e56/non_village/trap[6]
154,16.0042,50.1844,122.0,agricultural,,banana_tree,,uuid:39765914-eb73-4a67-98e7-e2c704b24e56,uuid:39765914-eb73-4a67-98e7-e2c704b24e56/non_village/trap[7]
155,15.9923,50.1804,121.0,agricultural,path,banana_tree,,uuid:39765914-eb73-4a67-98e7-e2c704b24e56,uuid:39765914-eb73-4a67-98e7-e2c704b24e56/non_village/trap[8]
156,15.9944,50.1821,122.0,agricultural,,banana_tree bush,,uuid:39765914-eb73-4a67-98e7-e2c704b24e56,uuid:39765914-eb73-4a67-98e7-e2c704b24e56/non_village/trap[9]
157,15.9953,50.1841,122.0,agricultural,,banana_tree bush,,uuid:39765914-eb73-4a67-98e7-e2c704b24e56,uuid:39765914-eb73-4a67-98e7-e2c704b24e56/non_village/trap[10]
158,15.9974,50.1854,122.0,agricultural,,banana_tree bush,,uuid:39765914-eb73-4a67-98e7-e2c704b24e56,uuid:39765914-eb73-4a67-98e7-e2c704b24e56/non_village/trap[11]
159,15.9995,50.1866,122.0,agricultural,,bush,,uuid:39765914-eb73-4a67-98e7-e2c704b24e56,uuid:39765914-eb73-4a67-98e7-e2c704b24e56/non_village/trap[12]
160,16.0018,50.1875,122.0,agricultural,,banana_tree,,uuid:39765914-eb73-4a67-98e7-e2c704b24e56,uuid:39765914-eb73-4a67-98e7-e2c704b24e56/non_village/trap[13]
161,16.0037,50.1881,122.0,agricultural,,banana_tree,,uuid:39765914-eb73-4a67-98e7-e2c704b24e56,uuid:39765914-eb73-4a67-98e7-e2c704b24e56/non_village/trap[14]
162,15.9893,50.1818,122.0,agricultural,,bush banana_tree,,uuid:39765914-eb73-4a67-98e7-e2c704b24e56,uuid:39765914-eb73-4a67-98e7-e2c704b24e56/non_village/trap[15]
163,15.9907,50.1828,122.0,agricultural,,banana_tree bush,,uuid:39765914-eb73-4a67-98e7-e2c704b24e56,uuid:39765914-eb73-4a67-98e7-e2c704b24e56/non_village/trap[16]
164,15.9926,50.1847,121.0,agricultural,,bush banana_tree,,uuid:39765914-eb73-4a67-98e7-e2c704b24e56,uuid:39765914-eb73-4a67-98e7-e2c704b24e56/non_village/trap[17]
165,15.9946,50.1879,121.0,agricultural,,banana_tree,,uuid:39765914-eb73-4a67-98e7-e2c704b24e56,uuid:39765914-eb73-4a67-98e7-e2c704b24e56/non_village/trap[18]
166,15.9966,50.1893,121.0,agricultural,anthill_termitemound,banana_tree,,uuid:39765914-eb73-4a67-98e7-e2c704b24e56,uuid:39765914-eb73-4a67-98e7-e2c704b24e56/non_village/trap[19]
167,15.9989,50.1901,122.0,agricultural,,bush banana_tree,,uuid:39765914-eb73-4a67-98e7-e2c704b24e56,uuid:39765914-eb73-4a67-98e7-e2c704b24e56/non_village/trap[20]
168,16.0007,50.1914,121.0,agricultural,,bush,,uuid:39765914-eb73-4a67-98e7-e2c704b24e56,uuid:39765914-eb73-4a67-98e7-e2c704b24e56/non_village/trap[21]
169,15.988,50.1822,120.0,agricultural,path,banana_tree bush,,uuid:39765914-eb73-4a67-98e7-e2c704b24e56,uuid:39765914-eb73-4a67-98e7-e2c704b24e56/non_village/trap[22]
170,15.9885,50.1841,121.0,agricultural,,bush,,uuid:39765914-eb73-4a67-98e7-e2c704b24e56,uuid:39765914-eb73-4a67-98e7-e2c704b24e56/non_village/trap[23]
171,15.9904,50.1854,120.0,agricultural,tree,bush,,uuid:39765914-eb73-4a67-98e7-e2c704b24e56,uuid:39765914-eb73-4a67-98e7-e2c704b24e56/non_village/trap[24]
172,15.9913,50.1874,120.0,agricultural,,banana_tree bush,,uuid:39765914-eb73-4a67-98e7-e2c704b24e56,uuid:39765914-eb73-4a67-98e7-e2c704b24e56/non_village/trap[25]
173,15.9925,50.1893,120.0,agricultural,anthill_termitemound,bush banana_tree,,uuid:39765914-eb73-4a67-98e7-e2c704b24e56,uuid:39765914-eb73-4a67-98e7-e2c704b24e56/non_village/trap[26]
174,15.9934,50.195,120.0,agricultural,,bush,,uuid:39765914-eb73-4a67-98e7-e2c704b24e56,uuid:39765914-eb73-4a67-98e7-e2c704b24e56/non_village/trap[27]
175,15.9964,50.1947,120.0,agricultural,,bush,,uuid:39765914-eb73-4a67-98e7-e2c704b24e56,uuid:39765914-eb73-4a67-98e7-e2c704b24e56/non_village/trap[28]
176,15.9843,50.184,120.0,agricultural,,banana_tree bush,,uuid:39765914-eb73-4a67-98e7-e2c704b24e56,uuid:39765914-eb73-4a67-98e7-e2c704b24e56/non_village/trap[29]
177,15.9857,50.1851,120.0,agricultural,,bush,,uuid:39765914-eb73-4a67-98e7-e2c704b24e56,uuid:39765914-eb73-4a67-98e7-e2c704b24e56/non_village/trap[30]
178,15.9875,50.1872,119.0,agricultural,,bush,,uuid:39765914-eb73-4a67-98e7-e2c704b24e56,uuid:39765914-eb73-4a67-98e7-e2c704b24e56/non_village/trap[31]
179,15.9887,50.189,119.0,agricultural,,bush banana_tree,,uuid:39765914-eb73-4a67-98e7-e2c704b24e56,uuid:39765914-eb73-4a67-98e7-e2c704b24e56/non_village/trap[32]
180,15.9902,50.1901,119.0,agricultural,anthill_termitemound,banana_tree bush,,uuid:39765914-eb73-4a67-98e7-e2c704b24e56,uuid:39765914-eb73-4a67-98e7-e2c704b24e56/non_village/trap[33]
181,15.9917,50.1918,118.0,agricultural,,banana_tree bush,,uuid:39765914-eb73-4a67-98e7-e2c704b24e56,uuid:39765914-eb73-4a67-98e7-e2c704b24e56/non_village/trap[34]
182,15.9935,50.1946,118.0,agricultural,,bush banana_tree,,uuid:39765914-eb73-4a67-98e7-e2c704b24e56,uuid:39765914-eb73-4a67-98e7-e2c704b24e56/non_village/trap[35]
183,15.9821,50.1851,121.0,agricultural,path,banana_tree,,uuid:39765914-eb73-4a67-98e7-e2c704b24e56,uuid:39765914-eb73-4a67-98e7-e2c704b24e56/non_village/trap[36]
184,15.984,50.1877,120.0,agricultural,,banana_tree bush,,uuid:39765914-eb73-4a67-98e7-e2c704b24e56,uuid:39765914-eb73-4a67-98e7-e2c704b24e56/non_village/trap[37]
185,15.9856,50.1893,120.0,agricultural,,bush banana_tree,,uuid:39765914-eb73-4a67-98e7-e2c704b24e56,uuid:39765914-eb73-4a67-98e7-e2c704b24e56/non_village/trap[38]
186,15.9878,50.1913,120.0,agricultural,,banana_tree bush,,uuid:39765914-eb73-4a67-98e7-e2c704b24e56,uuid:39765914-eb73-4a67-98e7-e2c704b24e56/non_village/trap[39]
187,15.9886,50.1918,120.0,agricultural,tree,bush,,uuid:39765914-eb73-4a67-98e7-e2c704b24e56,uuid:39765914-eb73-4a67-98e7-e2c704b24e56/non_village/trap[40]
188,15.9894,50.194,120.0,agricultural,,banana_tree rocks,,uuid:39765914-eb73-4a67-98e7-e2c704b24e56,uuid:39765914-eb73-4a67-98e7-e2c704b24e56/non_village/trap[41]
190,15.9803,50.1875,118.0,agricultural,,banana_tree bush,,uuid:39765914-eb73-4a67-98e7-e2c704b24e56,uuid:39765914-eb73-4a67-98e7-e2c704b24e56/non_village/trap[42]
191,15.9816,50.1889,119.0,agricultural,,banana_tree bush,,uuid:39765914-eb73-4a67-98e7-e2c704b24e56,uuid:39765914-eb73-4a67-98e7-e2c704b24e56/non_village/trap[43]
192,15.9837,50.1919,118.0,agricultural,path,banana_tree bush,,uuid:39765914-eb73-4a67-98e7-e2c704b24e56,uuid:39765914-eb73-4a67-98e7-e2c704b24e56/non_village/trap[44]
193,15.9849,50.194,119.0,agricultural,,bush banana_tree,,uuid:39765914-eb73-4a67-98e7-e2c704b24e56,uuid:39765914-eb73-4a67-98e7-e2c704b24e56/non_village/trap[45]
194,15.9863,50.1951,120.0,agricultural,,bush,,uuid:39765914-eb73-4a67-98e7-e2c704b24e56,uuid:39765914-eb73-4a67-98e7-e2c704b24e56/non_village/trap[46]
195,15.7879,50.1963,120.0,agricultural forested,,banana_tree,,uuid:39765914-eb73-4a67-98e7-e2c704b24e56,uuid:39765914-eb73-4a67-98e7-e2c704b24e56/non_village/trap[47]
196,15.9895,50.1918,119.0,agricultural open_land,,edge,,uuid:39765914-eb73-4a67-98e7-e2c704b24e56,uuid:39765914-eb73-4a67-98e7-e2c704b24e56/non_village/trap[48]
189,15.9904,50.1968,120.0,open_land agricultural,,edge grass clearing,,uuid:39765914-eb73-4a67-98e7-e2c704b24e56,uuid:39765914-eb73-4a67-98e7-e2c704b24e56/non_village/trap[49]
99,15.7427,49.8155,135.0,village_outside,house,clearing,,uuid:4b3738fd-e6d1-4d55-bc77-fa52074287b8,uuid:4b3738fd-e6d1-4d55-bc77-fa52074287b8/non_village/trap[1]
100,15.7421,49.8151,134.0,village_outside,store_house,,,uuid:4b3738fd-e6d1-4d55-bc77-fa52074287b8,uuid:4b3738fd-e6d1-4d55-bc77-fa52074287b8/non_village/trap[2]
141,15.7384,49.8175,136.0,village_outside,tree,edge,,uuid:4b3738fd-e6d1-4d55-bc77-fa52074287b8,uuid:4b3738fd-e6d1-4d55-bc77-fa52074287b8/non_village/trap[3]
102,15.7373,49.8175,135.0,forested,tree fallen_log,leaf_litter edge,,uuid:4b3738fd-e6d1-4d55-bc77-fa52074287b8,uuid:4b3738fd-e6d1-4d55-bc77-fa52074287b8/non_village/trap[4]
103,15.736,49.8187,136.0,forested,,bush,,uuid:4b3738fd-e6d1-4d55-bc77-fa52074287b8,uuid:4b3738fd-e6d1-4d55-bc77-fa52074287b8/non_village/trap[5]
104,15.7325,49.8176,135.0,forested,,bush,,uuid:4b3738fd-e6d1-4d55-bc77-fa52074287b8,uuid:4b3738fd-e6d1-4d55-bc77-fa52074287b8/non_village/trap[6]
105,15.729,49.8179,134.0,forested,tree,low_plants,,uuid:4b3738fd-e6d1-4d55-bc77-fa52074287b8,uuid:4b3738fd-e6d1-4d55-bc77-fa52074287b8/non_village/trap[7]
106,15.7432,49.8163,135.0,village_outside,house,leaf_litter,,uuid:4b3738fd-e6d1-4d55-bc77-fa52074287b8,uuid:4b3738fd-e6d1-4d55-bc77-fa52074287b8/non_village/trap[8]
107,15.7422,49.8182,135.0,village_outside,tree,low_plants,,uuid:4b3738fd-e6d1-4d55-bc77-fa52074287b8,uuid:4b3738fd-e6d1-4d55-bc77-fa52074287b8/non_village/trap[9]
108,15.7414,49.8202,135.0,village_outside,path,edge,,uuid:4b3738fd-e6d1-4d55-bc77-fa52074287b8,uuid:4b3738fd-e6d1-4d55-bc77-fa52074287b8/non_village/trap[10]
109,15.7391,49.8204,136.0,forested,tree,bush,,uuid:4b3738fd-e6d1-4d55-bc77-fa52074287b8,uuid:4b3738fd-e6d1-4d55-bc77-fa52074287b8/non_village/trap[11]
110,15.7381,49.8214,135.0,forested,tree,bush,,uuid:4b3738fd-e6d1-4d55-bc77-fa52074287b8,uuid:4b3738fd-e6d1-4d55-bc77-fa52074287b8/non_village/trap[12]
111,15.7364,49.8224,136.0,forested,tree,bush,,uuid:4b3738fd-e6d1-4d55-bc77-fa52074287b8,uuid:4b3738fd-e6d1-4d55-bc77-fa52074287b8/non_village/trap[13]
112,15.7345,49.8251,135.0,forested,,bush,,uuid:4b3738fd-e6d1-4d55-bc77-fa52074287b8,uuid:4b3738fd-e6d1-4d55-bc77-fa52074287b8/non_village/trap[14]
113,15.7469,49.8191,135.0,village_outside,path,clearing,,uuid:4b3738fd-e6d1-4d55-bc77-fa52074287b8,uuid:4b3738fd-e6d1-4d55-bc77-fa52074287b8/non_village/trap[15]
114,15.7455,49.8208,135.0,village_outside,path,low_plants,,uuid:4b3738fd-e6d1-4d55-bc77-fa52074287b8,uuid:4b3738fd-e6d1-4d55-bc77-fa52074287b8/non_village/trap[16]
115,15.7432,49.822,136.0,village_outside,path,edge bush,,uuid:4b3738fd-e6d1-4d55-bc77-fa52074287b8,uuid:4b3738fd-e6d1-4d55-bc77-fa52074287b8/non_village/trap[17]
116,15.7407,49.8239,135.0,fallow_land,path,bush,,uuid:4b3738fd-e6d1-4d55-bc77-fa52074287b8,uuid:4b3738fd-e6d1-4d55-bc77-fa52074287b8/non_village/trap[18]
117,15.7392,49.8251,136.0,forested,path,bush,,uuid:4b3738fd-e6d1-4d55-bc77-fa52074287b8,uuid:4b3738fd-e6d1-4d55-bc77-fa52074287b8/non_village/trap[19]
118,15.7381,49.826,135.0,forested,fallen_log,low_plants,,uuid:4b3738fd-e6d1-4d55-bc77-fa52074287b8,uuid:4b3738fd-e6d1-4d55-bc77-fa52074287b8/non_village/trap[20]
119,15.736,49.8266,135.0,forested,fallen_log tree,low_plants,,uuid:4b3738fd-e6d1-4d55-bc77-fa52074287b8,uuid:4b3738fd-e6d1-4d55-bc77-fa52074287b8/non_village/trap[21]
120,15.7474,49.8217,134.0,village_outside,tree,low_plants,,uuid:4b3738fd-e6d1-4d55-bc77-fa52074287b8,uuid:4b3738fd-e6d1-4d55-bc77-fa52074287b8/non_village/trap[22]
121,15.7448,49.823,136.0,village_outside,path,bush edge,,uuid:4b3738fd-e6d1-4d55-bc77-fa52074287b8,uuid:4b3738fd-e6d1-4d55-bc77-fa52074287b8/non_village/trap[23]
122,15.7439,49.8251,123.0,forested,tree latrine,low_plants,,uuid:4b3738fd-e6d1-4d55-bc77-fa52074287b8,uuid:4b3738fd-e6d1-4d55-bc77-fa52074287b8/non_village/trap[24]
123,15.741,49.8281,137.0,forested,latrine,low_plants,,uuid:4b3738fd-e6d1-4d55-bc77-fa52074287b8,uuid:4b3738fd-e6d1-4d55-bc77-fa52074287b8/non_village/trap[25]
124,15.7394,49.8286,136.0,forested,tree,bush,,uuid:4b3738fd-e6d1-4d55-bc77-fa52074287b8,uuid:4b3738fd-e6d1-4d55-bc77-fa52074287b8/non_village/trap[26]
125,15.7399,49.8298,132.0,forested,tree,low_plants,,uuid:4b3738fd-e6d1-4d55-bc77-fa52074287b8,uuid:4b3738fd-e6d1-4d55-bc77-fa52074287b8/non_village/trap[27]
126,15.7388,49.8338,137.0,forested,,low_plants,,uuid:4b3738fd-e6d1-4d55-bc77-fa52074287b8,uuid:4b3738fd-e6d1-4d55-bc77-fa52074287b8/non_village/trap[28]
127,15.7508,49.8227,134.0,village_outside,tree path,low_plants,,uuid:4b3738fd-e6d1-4d55-bc77-fa52074287b8,uuid:4b3738fd-e6d1-4d55-bc77-fa52074287b8/non_village/trap[29]
128,15.7496,49.824,138.0,village_outside,,edge bush,,uuid:4b3738fd-e6d1-4d55-bc77-fa52074287b8,uuid:4b3738fd-e6d1-4d55-bc77-fa52074287b8/non_village/trap[30]
129,15.749,49.826,136.0,forested,,bush,,uuid:4b3738fd-e6d1-4d55-bc77-fa52074287b8,uuid:4b3738fd-e6d1-4d55-bc77-fa52074287b8/non_village/trap[31]
130,15.7492,49.8283,137.0,forested,,bush,,uuid:4b3738fd-e6d1-4d55-bc77-fa52074287b8,uuid:4b3738fd-e6d1-4d55-bc77-fa52074287b8/non_village/trap[32]
131,15.7481,49.8289,136.0,forested,tree,bush,,uuid:4b3738fd-e6d1-4d55-bc77-fa52074287b8,uuid:4b3738fd-e6d1-4d55-bc77-fa52074287b8/non_village/trap[33]
132,15.7459,49.8302,136.0,forested,tree,bush,,uuid:4b3738fd-e6d1-4d55-bc77-fa52074287b8,uuid:4b3738fd-e6d1-4d55-bc77-fa52074287b8/non_village/trap[34]
133,15.7445,49.8225,136.0,forested,tree,bush,,uuid:4b3738fd-e6d1-4d55-bc77-fa52074287b8,uuid:4b3738fd-e6d1-4d55-bc77-fa52074287b8/non_village/trap[35]
134,15.7529,49.8245,134.0,village_outside,garden,low_plants,,uuid:4b3738fd-e6d1-4d55-bc77-fa52074287b8,uuid:4b3738fd-e6d1-4d55-bc77-fa52074287b8/non_village/trap[36]
135,15.7531,49.8274,135.0,village_outside,,edge low_plants,,uuid:4b3738fd-e6d1-4d55-bc77-fa52074287b8,uuid:4b3738fd-e6d1-4d55-bc77-fa52074287b8/non_village/trap[37]
136,15.751,49.8298,135.0,village_outside,tree,edge low_plants,,uuid:4b3738fd-e6d1-4d55-bc77-fa52074287b8,uuid:4b3738fd-e6d1-4d55-bc77-fa52074287b8/non_village/trap[38]
137,15.7503,49.8315,134.0,forested,,bush,,uuid:4b3738fd-e6d1-4d55-bc77-fa52074287b8,uuid:4b3738fd-e6d1-4d55-bc77-fa52074287b8/non_village/trap[39]
138,15.7498,49.8324,134.0,forested,,bush,,uuid:4b3738fd-e6d1-4d55-bc77-fa52074287b8,uuid:4b3738fd-e6d1-4d55-bc77-fa52074287b8/non_village/trap[40]
139,15.7487,49.8346,135.0,forested,,bush,,uuid:4b3738fd-e6d1-4d55-bc77-fa52074287b8,uuid:4b3738fd-e6d1-4d55-bc77-fa52074287b8/non_village/trap[41]
140,15.7463,49.8374,137.0,forested,,bush,,uuid:4b3738fd-e6d1-4d55-bc77-fa52074287b8,uuid:4b3738fd-e6d1-4d55-bc77-fa52074287b8/non_village/trap[42]
141,15.754,49.8268,134.0,village_outside,garden,low_plants,,uuid:4b3738fd-e6d1-4d55-bc77-fa52074287b8,uuid:4b3738fd-e6d1-4d55-bc77-fa52074287b8/non_village/trap[43]
142,15.7548,49.8392,133.0,village_outside,tree,low_plants edge,,uuid:4b3738fd-e6d1-4d55-bc77-fa52074287b8,uuid:4b3738fd-e6d1-4d55-bc77-fa52074287b8/non_village/trap[44]
143,15.754,49.8304,133.0,forested,,bush,,uuid:4b3738fd-e6d1-4d55-bc77-fa52074287b8,uuid:4b3738fd-e6d1-4d55-bc77-fa52074287b8/non_village/trap[45]
144,15.753,49.8332,133.0,forested,,bush,,uuid:4b3738fd-e6d1-4d55-bc77-fa52074287b8,uuid:4b3738fd-e6d1-4d55-bc77-fa52074287b8/non_village/trap[46]
146,15.7522,49.8351,134.0,forested,,bush,,uuid:4b3738fd-e6d1-4d55-bc77-fa52074287b8,uuid:4b3738fd-e6d1-4d55-bc77-fa52074287b8/non_village/trap[47]
146,15.7517,49.8364,133.0,forested,tree,bush,,uuid:4b3738fd-e6d1-4d55-bc77-fa52074287b8,uuid:4b3738fd-e6d1-4d55-bc77-fa52074287b8/non_village/trap[48]
147,15.7509,49.8386,133.0,forested,,bush,,uuid:4b3738fd-e6d1-4d55-bc77-fa52074287b8,uuid:4b3738fd-e6d1-4d55-bc77-fa52074287b8/non_village/trap[49]
50,15.2306,49.7908,131.0,fallow_land,tree,bush,,uuid:9a81b76f-2a33-43d1-95c2-91ac4f954441,uuid:9a81b76f-2a33-43d1-95c2-91ac4f954441/non_village/trap[1]
51,15.2318,49.7904,130.0,fallow_land,,bush,,uuid:9a81b76f-2a33-43d1-95c2-91ac4f954441,uuid:9a81b76f-2a33-43d1-95c2-91ac4f954441/non_village/trap[2]
52,15.2342,49.7898,130.0,fallow_land,anthill_termitemound,bush,,uuid:9a81b76f-2a33-43d1-95c2-91ac4f954441,uuid:9a81b76f-2a33-43d1-95c2-91ac4f954441/non_village/trap[3]
53,15.2318,49.7885,131.0,fallow_land,,bush,,uuid:9a81b76f-2a33-43d1-95c2-91ac4f954441,uuid:9a81b76f-2a33-43d1-95c2-91ac4f954441/non_village/trap[4]
54,15.2399,49.7888,131.0,fallow_land,,bush,,uuid:9a81b76f-2a33-43d1-95c2-91ac4f954441,uuid:9a81b76f-2a33-43d1-95c2-91ac4f954441/non_village/trap[5]
55,15.2417,49.7887,130.0,fallow_land,,bush,,uuid:9a81b76f-2a33-43d1-95c2-91ac4f954441,uuid:9a81b76f-2a33-43d1-95c2-91ac4f954441/non_village/trap[6]
56,15.2436,49.7903,130.0,fallow_land,tree,bush,,uuid:9a81b76f-2a33-43d1-95c2-91ac4f954441,uuid:9a81b76f-2a33-43d1-95c2-91ac4f954441/non_village/trap[7]
57,15.2301,49.7927,128.0,fallow_land,,bush,,uuid:9a81b76f-2a33-43d1-95c2-91ac4f954441,uuid:9a81b76f-2a33-43d1-95c2-91ac4f954441/non_village/trap[8]
58,15.2307,49.793,139.0,fallow_land,,bush,,uuid:9a81b76f-2a33-43d1-95c2-91ac4f954441,uuid:9a81b76f-2a33-43d1-95c2-91ac4f954441/non_village/trap[9]
59,15.233,49.7929,130.0,fallow_land,,bush,,uuid:9a81b76f-2a33-43d1-95c2-91ac4f954441,uuid:9a81b76f-2a33-43d1-95c2-91ac4f954441/non_village/trap[10]
60,15.2348,49.7936,131.0,fallow_land,,bush,,uuid:9a81b76f-2a33-43d1-95c2-91ac4f954441,uuid:9a81b76f-2a33-43d1-95c2-91ac4f954441/non_village/trap[11]
61,15.2369,49.7933,133.0,fallow_land,anthill_termitemound tree,bush,,uuid:9a81b76f-2a33-43d1-95c2-91ac4f954441,uuid:9a81b76f-2a33-43d1-95c2-91ac4f954441/non_village/trap[12]
62,15.2398,49.7935,132.0,fallow_land,,bush,,uuid:9a81b76f-2a33-43d1-95c2-91ac4f954441,uuid:9a81b76f-2a33-43d1-95c2-91ac4f954441/non_village/trap[13]
63,15.243,49.794,131.0,fallow_land,,bush,,uuid:9a81b76f-2a33-43d1-95c2-91ac4f954441,uuid:9a81b76f-2a33-43d1-95c2-91ac4f954441/non_village/trap[14]
64,15.2266,49.7969,130.0,fallow_land,,bush,,uuid:9a81b76f-2a33-43d1-95c2-91ac4f954441,uuid:9a81b76f-2a33-43d1-95c2-91ac4f954441/non_village/trap[15]
65,15.2281,49.7969,130.0,fallow_land,,bush low_plants,,uuid:9a81b76f-2a33-43d1-95c2-91ac4f954441,uuid:9a81b76f-2a33-43d1-95c2-91ac4f954441/non_village/trap[16]
66,15.2309,49.7967,131.0,fallow_land,,low_plants,,uuid:9a81b76f-2a33-43d1-95c2-91ac4f954441,uuid:9a81b76f-2a33-43d1-95c2-91ac4f954441/non_village/trap[17]
67,15.2326,49.7968,131.0,fallow_land,path,low_plants,,uuid:9a81b76f-2a33-43d1-95c2-91ac4f954441,uuid:9a81b76f-2a33-43d1-95c2-91ac4f954441/non_village/trap[18]
68,15.2356,49.7971,131.0,fallow_land,,low_plants,,uuid:9a81b76f-2a33-43d1-95c2-91ac4f954441,uuid:9a81b76f-2a33-43d1-95c2-91ac4f954441/non_village/trap[19]
69,15.2382,49.7978,132.0,fallow_land,,low_plants,,uuid:9a81b76f-2a33-43d1-95c2-91ac4f954441,uuid:9a81b76f-2a33-43d1-95c2-91ac4f954441/non_village/trap[20]
70,15.2405,49.7974,131.0,fallow_land,,bush,,uuid:9a81b76f-2a33-43d1-95c2-91ac4f954441,uuid:9a81b76f-2a33-43d1-95c2-91ac4f954441/non_village/trap[21]
71,15.2216,49.7992,131.0,fallow_land,,low_plants,,uuid:9a81b76f-2a33-43d1-95c2-91ac4f954441,uuid:9a81b76f-2a33-43d1-95c2-91ac4f954441/non_village/trap[22]
72,15.2273,49.7993,131.0,fallow_land,,bush,,uuid:9a81b76f-2a33-43d1-95c2-91ac4f954441,uuid:9a81b76f-2a33-43d1-95c2-91ac4f954441/non_village/trap[23]
73,15.2297,49.8004,131.0,fallow_land,tree,bush,,uuid:9a81b76f-2a33-43d1-95c2-91ac4f954441,uuid:9a81b76f-2a33-43d1-95c2-91ac4f954441/non_village/trap[24]
74,15.2318,49.8007,131.0,fallow_land,tree,bush,,uuid:9a81b76f-2a33-43d1-95c2-91ac4f954441,uuid:9a81b76f-2a33-43d1-95c2-91ac4f954441/non_village/trap[25]
75,15.233,49.801,131.0,fallow_land,,low_plants,,uuid:9a81b76f-2a33-43d1-95c2-91ac4f954441,uuid:9a81b76f-2a33-43d1-95c2-91ac4f954441/non_village/trap[26]
76,15.2373,49.8013,130.0,fallow_land,,bush,,uuid:9a81b76f-2a33-43d1-95c2-91ac4f954441,uuid:9a81b76f-2a33-43d1-95c2-91ac4f954441/non_village/trap[27]
77,15.2387,49.8007,130.0,fallow_land,,bush,,uuid:9a81b76f-2a33-43d1-95c2-91ac4f954441,uuid:9a81b76f-2a33-43d1-95c2-91ac4f954441/non_village/trap[28]
78,15.2234,49.8023,130.0,fallow_land,path,bush,,uuid:9a81b76f-2a33-43d1-95c2-91ac4f954441,uuid:9a81b76f-2a33-43d1-95c2-91ac4f954441/non_village/trap[29]
79,15.2263,49.8032,130.0,fallow_land,tree,burnt_land bush,,uuid:9a81b76f-2a33-43d1-95c2-91ac4f954441,uuid:9a81b76f-2a33-43d1-95c2-91ac4f954441/non_village/trap[30]
80,15.2287,49.8036,130.0,fallow_land,,low_plants,,uuid:9a81b76f-2a33-43d1-95c2-91ac4f954441,uuid:9a81b76f-2a33-43d1-95c2-91ac4f954441/non_village/trap[31]
81,15.2309,49.8045,130.0,fallow_land,,low_plants burnt_land,,uuid:9a81b76f-2a33-43d1-95c2-91ac4f954441,uuid:9a81b76f-2a33-43d1-95c2-91ac4f954441/non_village/trap[32]
82,15.2339,49.8047,130.0,fallow_land,,bush,,uuid:9a81b76f-2a33-43d1-95c2-91ac4f954441,uuid:9a81b76f-2a33-43d1-95c2-91ac4f954441/non_village/trap[33]
83,15.2362,49.8052,129.0,fallow_land,path,bush,,uuid:9a81b76f-2a33-43d1-95c2-91ac4f954441,uuid:9a81b76f-2a33-43d1-95c2-91ac4f954441/non_village/trap[34]
84,15.2383,49.8044,129.0,fallow_land,,bush,,uuid:9a81b76f-2a33-43d1-95c2-91ac4f954441,uuid:9a81b76f-2a33-43d1-95c2-91ac4f954441/non_village/trap[35]
85,15.2245,49.8051,131.0,fallow_land,,bush,,uuid:9a81b76f-2a33-43d1-95c2-91ac4f954441,uuid:9a81b76f-2a33-43d1-95c2-91ac4f954441/non_village/trap[36]
86,15.2251,49.8055,131.0,fallow_land,,bush,,uuid:9a81b76f-2a33-43d1-95c2-91ac4f954441,uuid:9a81b76f-2a33-43d1-95c2-91ac4f954441/non_village/trap[37]
87,15.2273,49.8067,131.0,fallow_land,,low_plants,,uuid:9a81b76f-2a33-43d1-95c2-91ac4f954441,uuid:9a81b76f-2a33-43d1-95c2-91ac4f954441/non_village/trap[38]
88,15.229,49.808,130.0,fallow_land,,cassava_plant,,uuid:9a81b76f-2a33-43d1-95c2-91ac4f954441,uuid:9a81b76f-2a33-43d1-95c2-91ac4f954441/non_village/trap[39]
89,15.2327,49.8085,130.0,fallow_land,,low_plants,,uuid:9a81b76f-2a33-43d1-95c2-91ac4f954441,uuid:9a81b76f-2a33-43d1-95c2-91ac4f954441/non_village/trap[40]
90,15.2342,49.8104,130.0,fallow_land,,low_plants,,uuid:9a81b76f-2a33-43d1-95c2-91ac4f954441,uuid:9a81b76f-2a33-43d1-95c2-91ac4f954441/non_village/trap[41]
92,15.2235,49.8086,132.0,fallow_land,anthill_termitemound,bush,,uuid:9a81b76f-2a33-43d1-95c2-91ac4f954441,uuid:9a81b76f-2a33-43d1-95c2-91ac4f954441/non_village/trap[42]
93,15.2255,49.8097,132.0,fallow_land,,bush,,uuid:9a81b76f-2a33-43d1-95c2-91ac4f954441,uuid:9a81b76f-2a33-43d1-95c2-91ac4f954441/non_village/trap[43]
94,15.227,49.8101,131.0,fallow_land,tree,bush,,uuid:9a81b76f-2a33-43d1-95c2-91ac4f954441,uuid:9a81b76f-2a33-43d1-95c2-91ac4f954441/non_village/trap[44]
95,15.2286,49.8113,131.0,fallow_land,,low_plants,,uuid:9a81b76f-2a33-43d1-95c2-91ac4f954441,uuid:9a81b76f-2a33-43d1-95c2-91ac4f954441/non_village/trap[45]
96,15.2307,49.8133,130.0,fallow_land,,low_plants,,uuid:9a81b76f-2a33-43d1-95c2-91ac4f954441,uuid:9a81b76f-2a33-43d1-95c2-91ac4f954441/non_village/trap[46]
97,15.232,49.8145,130.0,fallow_land,,low_plants,,uuid:9a81b76f-2a33-43d1-95c2-91ac4f954441,uuid:9a81b76f-2a33-43d1-95c2-91ac4f954441/non_village/trap[47]
98,15.235,49.8157,129.0,fallow_land,,bush,,uuid:9a81b76f-2a33-43d1-95c2-91ac4f954441,uuid:9a81b76f-2a33-43d1-95c2-91ac4f954441/non_village/trap[48]
,,,,,,,,uuid:9a81b76f-2a33-43d1-95c2-91ac4f954441,uuid:9a81b76f-2a33-43d1-95c2-91ac4f954441/non_village/trap[49]
1,15.0109,49.4937,235.0,forested,path tree,bush,,uuid:01eaf4b4-3a29-480a-909f-6c6ed24f2cfd,uuid:01eaf4b4-3a29-480a-909f-6c6ed24f2cfd/non_village/trap[1]
2,49.4938,15.0122,232.0,forested,tree,,,uuid:01eaf4b4-3a29-480a-909f-6c6ed24f2cfd,uuid:01eaf4b4-3a29-480a-909f-6c6ed24f2cfd/non_village/trap[2]
3,49.4924,15.013,235.0,forested,tree,low_plants,,uuid:01eaf4b4-3a29-480a-909f-6c6ed24f2cfd,uuid:01eaf4b4-3a29-480a-909f-6c6ed24f2cfd/non_village/trap[3]
4,49.4916,15.017,236.0,forested,,bush,,uuid:01eaf4b4-3a29-480a-909f-6c6ed24f2cfd,uuid:01eaf4b4-3a29-480a-909f-6c6ed24f2cfd/non_village/trap[4]
5,49.4906,15.0194,236.0,forested,tree,low_plants grass,,uuid:01eaf4b4-3a29-480a-909f-6c6ed24f2cfd,uuid:01eaf4b4-3a29-480a-909f-6c6ed24f2cfd/non_village/trap[5]
6,49.4899,15.0213,237.0,forested,,low_plants,,uuid:01eaf4b4-3a29-480a-909f-6c6ed24f2cfd,uuid:01eaf4b4-3a29-480a-909f-6c6ed24f2cfd/non_village/trap[6]
7,49.4867,15.0235,236.0,forested,store_house,low_plants,,uuid:01eaf4b4-3a29-480a-909f-6c6ed24f2cfd,uuid:01eaf4b4-3a29-480a-909f-6c6ed24f2cfd/non_village/trap[7]
8,15.0111,49.4927,235.0,forested,path,low_plants,,uuid:01eaf4b4-3a29-480a-909f-6c6ed24f2cfd,uuid:01eaf4b4-3a29-480a-909f-6c6ed24f2cfd/non_village/trap[8]
9,15.0108,49.4926,236.0,forested,tree,low_plants grass,,uuid:01eaf4b4-3a29-480a-909f-6c6ed24f2cfd,uuid:01eaf4b4-3a29-480a-909f-6c6ed24f2cfd/non_village/trap[9]
10,15.0119,49.4911,236.0,forested,tree,low_plants,,uuid:01eaf4b4-3a29-480a-909f-6c6ed24f2cfd,uuid:01eaf4b4-3a29-480a-909f-6c6ed24f2cfd/non_village/trap[10]
11,15.0137,49.4911,236.0,forested,,bush,,uuid:01eaf4b4-3a29-480a-909f-6c6ed24f2cfd,uuid:01eaf4b4-3a29-480a-909f-6c6ed24f2cfd/non_village/trap[11]
12,15.0164,49.4888,237.0,forested,tree,bush,,uuid:01eaf4b4-3a29-480a-909f-6c6ed24f2cfd,uuid:01eaf4b4-3a29-480a-909f-6c6ed24f2cfd/non_village/trap[12]
13,15.0189,49.4871,238.0,forested,,bush,,uuid:01eaf4b4-3a29-480a-909f-6c6ed24f2cfd,uuid:01eaf4b4-3a29-480a-909f-6c6ed24f2cfd/non_village/trap[13]
14,15.0215,49.4857,237.0,forested,tree,bush grass,,uuid:01eaf4b4-3a29-480a-909f-6c6ed24f2cfd,uuid:01eaf4b4-3a29-480a-909f-6c6ed24f2cfd/non_village/trap[14]
15,15.0083,49.4897,238.0,forested,tree,low_plants,,uuid:01eaf4b4-3a29-480a-909f-6c6ed24f2cfd,uuid:01eaf4b4-3a29-480a-909f-6c6ed24f2cfd/non_village/trap[15]
16,15.0088,49.4891,239.0,forested,,bush,,uuid:01eaf4b4-3a29-480a-909f-6c6ed24f2cfd,uuid:01eaf4b4-3a29-480a-909f-6c6ed24f2cfd/non_village/trap[16]
17,15.0088,49.4891,239.0,forested,,grass bush,,uuid:01eaf4b4-3a29-480a-909f-6c6ed24f2cfd,uuid:01eaf4b4-3a29-480a-909f-6c6ed24f2cfd/non_village/trap[17]
18,15.0139,49.487,238.0,forested,tree,bush,,uuid:01eaf4b4-3a29-480a-909f-6c6ed24f2cfd,uuid:01eaf4b4-3a29-480a-909f-6c6ed24f2cfd/non_village/trap[18]
19,15.0151,49.4862,239.0,forested,,bush,,uuid:01eaf4b4-3a29-480a-909f-6c6ed24f2cfd,uuid:01eaf4b4-3a29-480a-909f-6c6ed24f2cfd/non_village/trap[19]
20,15.0161,49.4859,239.0,forested,tree,bush,,uuid:01eaf4b4-3a29-480a-909f-6c6ed24f2cfd,uuid:01eaf4b4-3a29-480a-909f-6c6ed24f2cfd/non_village/trap[20]
21,15.0179,49.4841,238.0,forested,tree,bush,,uuid:01eaf4b4-3a29-480a-909f-6c6ed24f2cfd,uuid:01eaf4b4-3a29-480a-909f-6c6ed24f2cfd/non_village/trap[21]
22,15.0075,49.4886,240.0,forested,tree,bush,,uuid:01eaf4b4-3a29-480a-909f-6c6ed24f2cfd,uuid:01eaf4b4-3a29-480a-909f-6c6ed24f2cfd/non_village/trap[22]
23,15.0077,49.4861,238.0,forested,tree,grass,,uuid:01eaf4b4-3a29-480a-909f-6c6ed24f2cfd,uuid:01eaf4b4-3a29-480a-909f-6c6ed24f2cfd/non_village/trap[23]
24,15.0103,49.4855,238.0,forested,tree,bush,,uuid:01eaf4b4-3a29-480a-909f-6c6ed24f2cfd,uuid:01eaf4b4-3a29-480a-909f-6c6ed24f2cfd/non_village/trap[24]
25,15.0112,49.4847,238.0,forested,,bush,,uuid:01eaf4b4-3a29-480a-909f-6c6ed24f2cfd,uuid:01eaf4b4-3a29-480a-909f-6c6ed24f2cfd/non_village/trap[25]
26,15.0128,49.4831,238.0,forested,,bush,,uuid:01eaf4b4-3a29-480a-909f-6c6ed24f2cfd,uuid:01eaf4b4-3a29-480a-909f-6c6ed24f2cfd/non_village/trap[26]
27,15.0128,49.4831,238.0,forested,,bush,,uuid:01eaf4b4-3a29-480a-909f-6c6ed24f2cfd,uuid:01eaf4b4-3a29-480a-909f-6c6ed24f2cfd/non_village/trap[27]
28,15.0152,49.4792,240.0,forested,tree,bush,,uuid:01eaf4b4-3a29-480a-909f-6c6ed24f2cfd,uuid:01eaf4b4-3a29-480a-909f-6c6ed24f2cfd/non_village/trap[28]
29,15.0056,49.4856,239.0,forested,tree,bush,,uuid:01eaf4b4-3a29-480a-909f-6c6ed24f2cfd,uuid:01eaf4b4-3a29-480a-909f-6c6ed24f2cfd/non_village/trap[29]
30,15.0058,49.4855,238.0,forested,tree,bush,,uuid:01eaf4b4-3a29-480a-909f-6c6ed24f2cfd,uuid:01eaf4b4-3a29-480a-909f-6c6ed24f2cfd/non_village/trap[30]
31,15.0064,49.484,239.0,forested,path tree,low_plants,,uuid:01eaf4b4-3a29-480a-909f-6c6ed24f2cfd,uuid:01eaf4b4-3a29-480a-909f-6c6ed24f2cfd/non_village/trap[31]
32,15.0095,49.4819,240.0,forested,path,low_plants,,uuid:01eaf4b4-3a29-480a-909f-6c6ed24f2cfd,uuid:01eaf4b4-3a29-480a-909f-6c6ed24f2cfd/non_village/trap[32]
33,15.0115,49.4805,239.0,forested,tree,bush,,uuid:01eaf4b4-3a29-480a-909f-6c6ed24f2cfd,uuid:01eaf4b4-3a29-480a-909f-6c6ed24f2cfd/non_village/trap[33]
34,15.0143,49.4781,241.0,forested,tree,bush,,uuid:01eaf4b4-3a29-480a-909f-6c6ed24f2cfd,uuid:01eaf4b4-3a29-480a-909f-6c6ed24f2cfd/non_village/trap[34]
35,15.0145,49.4768,242.0,forested,tree,bush,,uuid:01eaf4b4-3a29-480a-909f-6c6ed24f2cfd,uuid:01eaf4b4-3a29-480a-909f-6c6ed24f2cfd/non_village/trap[35]
36,15.0035,49.4821,241.0,forested,tree,,,uuid:01eaf4b4-3a29-480a-909f-6c6ed24f2cfd,uuid:01eaf4b4-3a29-480a-909f-6c6ed24f2cfd/non_village/trap[36]
37,15.0042,49.4827,241.0,forested,,bush,,uuid:01eaf4b4-3a29-480a-909f-6c6ed24f2cfd,uuid:01eaf4b4-3a29-480a-909f-6c6ed24f2cfd/non_village/trap[37]
38,15.0073,49.4786,238.0,forested,tree,bush,,uuid:01eaf4b4-3a29-480a-909f-6c6ed24f2cfd,uuid:01eaf4b4-3a29-480a-909f-6c6ed24f2cfd/non_village/trap[38]
39,15.0085,49.4794,240.0,forested,tree,bush,,uuid:01eaf4b4-3a29-480a-909f-6c6ed24f2cfd,uuid:01eaf4b4-3a29-480a-909f-6c6ed24f2cfd/non_village/trap[39]
40,15.0092,49.4762,239.0,forested,path,bush,,uuid:01eaf4b4-3a29-480a-909f-6c6ed24f2cfd,uuid:01eaf4b4-3a29-480a-909f-6c6ed24f2cfd/non_village/trap[40]
41,15.0099,49.4765,240.0,forested,tree,bush,,uuid:01eaf4b4-3a29-480a-909f-6c6ed24f2cfd,uuid:01eaf4b4-3a29-480a-909f-6c6ed24f2cfd/non_village/trap[41]
42,15.0115,49.4747,240.0,forested,tree,edge grass bush,,uuid:01eaf4b4-3a29-480a-909f-6c6ed24f2cfd,uuid:01eaf4b4-3a29-480a-909f-6c6ed24f2cfd/non_village/trap[42]
43,15.005,49.4806,239.0,forested,tree,bush,,uuid:01eaf4b4-3a29-480a-909f-6c6ed24f2cfd,uuid:01eaf4b4-3a29-480a-909f-6c6ed24f2cfd/non_village/trap[43]
44,15.0026,49.4801,240.0,forested,tree,bush,,uuid:01eaf4b4-3a29-480a-909f-6c6ed24f2cfd,uuid:01eaf4b4-3a29-480a-909f-6c6ed24f2cfd/non_village/trap[44]
45,15.0032,49.4784,240.0,forested,tree,bush,,uuid:01eaf4b4-3a29-480a-909f-6c6ed24f2cfd,uuid:01eaf4b4-3a29-480a-909f-6c6ed24f2cfd/non_village/trap[45]
46,15.0038,49.4758,241.0,forested,tree,bush,,uuid:01eaf4b4-3a29-480a-909f-6c6ed24f2cfd,uuid:01eaf4b4-3a29-480a-909f-6c6ed24f2cfd/non_village/trap[46]
47,15.0069,49.4762,241.0,forested,tree,bush grass,,uuid:01eaf4b4-3a29-480a-909f-6c6ed24f2cfd,uuid:01eaf4b4-3a29-480a-909f-6c6ed24f2cfd/non_village/trap[47]
48,15.0063,49.4734,240.0,forested,path,bush,,uuid:01eaf4b4-3a29-480a-909f-6c6ed24f2cfd,uuid:01eaf4b4-3a29-480a-909f-6c6ed24f2cfd/non_village/trap[48]
49,15.0098,49.4708,242.0,forested,path,grass bush,,uuid:01eaf4b4-3a29-480a-909f-6c6ed24f2cfd,uuid:01eaf4b4-3a29-480a-909f-6c6ed24f2cfd/non_village/trap[49]
151,11.8098,50.9797,151.0,open_land,house garden,grass clearing leaf_litter,,uuid:36e81560-ca95-46ac-8198-17f4ba4058a6,uuid:36e81560-ca95-46ac-8198-17f4ba4058a6/non_village/trap[1]
152,11.8114,50.9825,153.0,open_land,house,clearing grass cassava_plant,,uuid:36e81560-ca95-46ac-8198-17f4ba4058a6,uuid:36e81560-ca95-46ac-8198-17f4ba4058a6/non_village/trap[2]
153,11.8122,50.5851,152.0,open_land,house,grass clearing,,uuid:36e81560-ca95-46ac-8198-17f4ba4058a6,uuid:36e81560-ca95-46ac-8198-17f4ba4058a6/non_village/trap[3]
154,11.8136,50.9888,152.0,open_land,house,grass clearing cassava_plant,,uuid:36e81560-ca95-46ac-8198-17f4ba4058a6,uuid:36e81560-ca95-46ac-8198-17f4ba4058a6/non_village/trap[4]
155,11.8144,50.9917,150.0,open_land,,grass clearing,,uuid:36e81560-ca95-46ac-8198-17f4ba4058a6,uuid:36e81560-ca95-46ac-8198-17f4ba4058a6/non_village/trap[5]
156,11.8139,50.9936,153.0,open_land,,clearing grass,,uuid:36e81560-ca95-46ac-8198-17f4ba4058a6,uuid:36e81560-ca95-46ac-8198-17f4ba4058a6/non_village/trap[6]
157,11.8153,50.9941,153.0,agricultural,tree,,,uuid:36e81560-ca95-46ac-8198-17f4ba4058a6,uuid:36e81560-ca95-46ac-8198-17f4ba4058a6/non_village/trap[7]
158,11.8062,50.9819,153.0,open_land,house,clearing grass leaf_litter,,uuid:36e81560-ca95-46ac-8198-17f4ba4058a6,uuid:36e81560-ca95-46ac-8198-17f4ba4058a6/non_village/trap[8]
159,11.8073,50.9863,154.0,village_inside,house,grass clearing,,uuid:36e81560-ca95-46ac-8198-17f4ba4058a6,uuid:36e81560-ca95-46ac-8198-17f4ba4058a6/non_village/trap[9]
160,11.8098,50.9881,156.0,open_land village_inside,house garden,clearing grass cassava_plant,,uuid:36e81560-ca95-46ac-8198-17f4ba4058a6,uuid:36e81560-ca95-46ac-8198-17f4ba4058a6/non_village/trap[10]
161,11.8105,50.9909,156.0,open_land,house,grass clearing,,uuid:36e81560-ca95-46ac-8198-17f4ba4058a6,uuid:36e81560-ca95-46ac-8198-17f4ba4058a6/non_village/trap[11]
162,11.8111,50.9924,156.0,agricultural,house,clearing,,uuid:36e81560-ca95-46ac-8198-17f4ba4058a6,uuid:36e81560-ca95-46ac-8198-17f4ba4058a6/non_village/trap[12]
163,11.8141,50.9951,156.0,open_land,latrine,clearing cassava_plant,,uuid:36e81560-ca95-46ac-8198-17f4ba4058a6,uuid:36e81560-ca95-46ac-8198-17f4ba4058a6/non_village/trap[13]
164,11.816,50.998,155.0,agricultural,path,clearing,,uuid:36e81560-ca95-46ac-8198-17f4ba4058a6,uuid:36e81560-ca95-46ac-8198-17f4ba4058a6/non_village/trap[14]
165,11.8168,50.9999,154.0,open_land,,,,uuid:36e81560-ca95-46ac-8198-17f4ba4058a6,uuid:36e81560-ca95-46ac-8198-17f4ba4058a6/non_village/trap[15]
166,11.8185,51.0022,153.0,agricultural,tree,,,uuid:36e81560-ca95-46ac-8198-17f4ba4058a6,uuid:36e81560-ca95-46ac-8198-17f4ba4058a6/non_village/trap[16]
167,11.8204,51.0038,151.0,agricultural,path,clearing,,uuid:36e81560-ca95-46ac-8198-17f4ba4058a6,uuid:36e81560-ca95-46ac-8198-17f4ba4058a6/non_village/trap[17]
168,11.8226,51.0068,153.0,agricultural,garden latrine,banana_tree,,uuid:36e81560-ca95-46ac-8198-17f4ba4058a6,uuid:36e81560-ca95-46ac-8198-17f4ba4058a6/non_village/trap[18]
169,11.8274,51.0074,153.0,agricultural,house latrine,cassava_plant,,uuid:36e81560-ca95-46ac-8198-17f4ba4058a6,uuid:36e81560-ca95-46ac-8198-17f4ba4058a6/non_village/trap[19]
170,11.8295,51.0071,154.0,agricultural,house,,1624905065729.jpg,uuid:36e81560-ca95-46ac-8198-17f4ba4058a6,uuid:36e81560-ca95-46ac-8198-17f4ba4058a6/non_village/trap[20]
171,11.8312,51.0077,154.0,agricultural,house,low_plants,,uuid:36e81560-ca95-46ac-8198-17f4ba4058a6,uuid:36e81560-ca95-46ac-8198-17f4ba4058a6/non_village/trap[21]
172,11.8189,50.998,154.0,agricultural,garden,,,uuid:36e81560-ca95-46ac-8198-17f4ba4058a6,uuid:36e81560-ca95-46ac-8198-17f4ba4058a6/non_village/trap[22]
173,11.8198,51.0001,152.0,agricultural,garden,,,uuid:36e81560-ca95-46ac-8198-17f4ba4058a6,uuid:36e81560-ca95-46ac-8198-17f4ba4058a6/non_village/trap[23]
174,11.8232,51.0016,153.0,agricultural,garden,,,uuid:36e81560-ca95-46ac-8198-17f4ba4058a6,uuid:36e81560-ca95-46ac-8198-17f4ba4058a6/non_village/trap[24]
175,11.8251,51.0023,152.0,agricultural,,grass,,uuid:36e81560-ca95-46ac-8198-17f4ba4058a6,uuid:36e81560-ca95-46ac-8198-17f4ba4058a6/non_village/trap[25]
176,11.8267,51.0041,152.0,agricultural,garden,grass,,uuid:36e81560-ca95-46ac-8198-17f4ba4058a6,uuid:36e81560-ca95-46ac-8198-17f4ba4058a6/non_village/trap[26]
177,11.8286,51.004,152.0,agricultural,garden,grass,,uuid:36e81560-ca95-46ac-8198-17f4ba4058a6,uuid:36e81560-ca95-46ac-8198-17f4ba4058a6/non_village/trap[27]
178,11.831,51.0038,150.0,agricultural,tree,clearing,,uuid:36e81560-ca95-46ac-8198-17f4ba4058a6,uuid:36e81560-ca95-46ac-8198-17f4ba4058a6/non_village/trap[28]
179,11.8196,50.9954,151.0,agricultural,tree,clearing grass,,uuid:36e81560-ca95-46ac-8198-17f4ba4058a6,uuid:36e81560-ca95-46ac-8198-17f4ba4058a6/non_village/trap[29]
180,11.8207,50.9978,153.0,agricultural,,rice_plants,,uuid:36e81560-ca95-46ac-8198-17f4ba4058a6,uuid:36e81560-ca95-46ac-8198-17f4ba4058a6/non_village/trap[30]
181,11.8225,50.9986,152.0,agricultural,,rice_plants clearing,,uuid:36e81560-ca95-46ac-8198-17f4ba4058a6,uuid:36e81560-ca95-46ac-8198-17f4ba4058a6/non_village/trap[31]
182,11.8237,50.9989,152.0,agricultural,garden tree,clearing,,uuid:36e81560-ca95-46ac-8198-17f4ba4058a6,uuid:36e81560-ca95-46ac-8198-17f4ba4058a6/non_village/trap[32]
183,11.8263,51.0007,152.0,agricultural,garden,,,uuid:36e81560-ca95-46ac-8198-17f4ba4058a6,uuid:36e81560-ca95-46ac-8198-17f4ba4058a6/non_village/trap[33]
184,11.8277,51.002,153.0,agricultural,garden,rice_plants,,uuid:36e81560-ca95-46ac-8198-17f4ba4058a6,uuid:36e81560-ca95-46ac-8198-17f4ba4058a6/non_village/trap[34]
185,11.8306,50.9998,152.0,agricultural,garden,cassava_plant,,uuid:36e81560-ca95-46ac-8198-17f4ba4058a6,uuid:36e81560-ca95-46ac-8198-17f4ba4058a6/non_village/trap[35]
186,11.8121,50.9784,152.0,open_land,house,grass leaf_litter,,uuid:36e81560-ca95-46ac-8198-17f4ba4058a6,uuid:36e81560-ca95-46ac-8198-17f4ba4058a6/non_village/trap[36]
187,11.8124,50.9781,151.0,open_land,standing_water,grass,,uuid:36e81560-ca95-46ac-8198-17f4ba4058a6,uuid:36e81560-ca95-46ac-8198-17f4ba4058a6/non_village/trap[37]
188,11.8137,50.9758,151.0,open_land,standing_water,grass,,uuid:36e81560-ca95-46ac-8198-17f4ba4058a6,uuid:36e81560-ca95-46ac-8198-17f4ba4058a6/non_village/trap[38]
189,11.8147,50.975,150.0,open_land,standing_water,grass clearing,,uuid:36e81560-ca95-46ac-8198-17f4ba4058a6,uuid:36e81560-ca95-46ac-8198-17f4ba4058a6/non_village/trap[39]
190,11.8162,50.9731,150.0,open_land,standing_water,grass,,uuid:36e81560-ca95-46ac-8198-17f4ba4058a6,uuid:36e81560-ca95-46ac-8198-17f4ba4058a6/non_village/trap[40]
191,11.8187,50.9702,149.0,open_land,standing_water house,rice_plants,,uuid:36e81560-ca95-46ac-8198-17f4ba4058a6,uuid:36e81560-ca95-46ac-8198-17f4ba4058a6/non_village/trap[41]
192,11.8198,50.9675,151.0,open_land,tree,grass rice_plants,,uuid:36e81560-ca95-46ac-8198-17f4ba4058a6,uuid:36e81560-ca95-46ac-8198-17f4ba4058a6/non_village/trap[42]
193,11.8094,50.9765,152.0,open_land,house,grass,,uuid:36e81560-ca95-46ac-8198-17f4ba4058a6,uuid:36e81560-ca95-46ac-8198-17f4ba4058a6/non_village/trap[43]
194,11.8097,50.9745,152.0,village_inside,house,grass leaf_litter clearing,,uuid:36e81560-ca95-46ac-8198-17f4ba4058a6,uuid:36e81560-ca95-46ac-8198-17f4ba4058a6/non_village/trap[44]
195,11.8109,50.9723,150.0,village_inside,house,grass,,uuid:36e81560-ca95-46ac-8198-17f4ba4058a6,uuid:36e81560-ca95-46ac-8198-17f4ba4058a6/non_village/trap[45]
196,11.8157,50.9684,152.0,village_inside,,,,uuid:36e81560-ca95-46ac-8198-17f4ba4058a6,uuid:36e81560-ca95-46ac-8198-17f4ba4058a6/non_village/trap[46]
197,11.8135,50.9694,152.0,village_inside,,rice_plants,,uuid:36e81560-ca95-46ac-8198-17f4ba4058a6,uuid:36e81560-ca95-46ac-8198-17f4ba4058a6/non_village/trap[47]
198,11.8152,50.9675,150.0,village_inside,garden standing_water,rice_plants,,uuid:36e81560-ca95-46ac-8198-17f4ba4058a6,uuid:36e81560-ca95-46ac-8198-17f4ba4058a6/non_village/trap[48]
199,11.8175,50.9659,148.0,village_inside,house standing_water,rice_plants,,uuid:36e81560-ca95-46ac-8198-17f4ba4058a6,uuid:36e81560-ca95-46ac-8198-17f4ba4058a6/non_village/trap[49]
102,11.5559,50.9534,166.0,fallow_land,path,bush,,uuid:82b1ef51-6058-4a75-a31c-0e7349f95975,uuid:82b1ef51-6058-4a75-a31c-0e7349f95975/non_village/trap[1]
103,11.5553,50.9551,168.0,fallow_land,,bush,,uuid:82b1ef51-6058-4a75-a31c-0e7349f95975,uuid:82b1ef51-6058-4a75-a31c-0e7349f95975/non_village/trap[2]
104,11.5543,50.9567,169.0,fallow_land,,bush,,uuid:82b1ef51-6058-4a75-a31c-0e7349f95975,uuid:82b1ef51-6058-4a75-a31c-0e7349f95975/non_village/trap[3]
105,11.5533,50.9584,169.0,fallow_land,,bush,,uuid:82b1ef51-6058-4a75-a31c-0e7349f95975,uuid:82b1ef51-6058-4a75-a31c-0e7349f95975/non_village/trap[4]
106,11.5524,50.9599,170.0,fallow_land,,bush,,uuid:82b1ef51-6058-4a75-a31c-0e7349f95975,uuid:82b1ef51-6058-4a75-a31c-0e7349f95975/non_village/trap[5]
107,11.5511,50.9614,170.0,fallow_land,,bush,,uuid:82b1ef51-6058-4a75-a31c-0e7349f95975,uuid:82b1ef51-6058-4a75-a31c-0e7349f95975/non_village/trap[6]
108,11.5501,50.9635,171.0,fallow_land,,bush,,uuid:82b1ef51-6058-4a75-a31c-0e7349f95975,uuid:82b1ef51-6058-4a75-a31c-0e7349f95975/non_village/trap[7]
109,11.5535,50.9521,167.0,fallow_land,path,bush,,uuid:82b1ef51-6058-4a75-a31c-0e7349f95975,uuid:82b1ef51-6058-4a75-a31c-0e7349f95975/non_village/trap[8]
110,11.5526,50.9534,167.0,fallow_land,tree,bush,,uuid:82b1ef51-6058-4a75-a31c-0e7349f95975,uuid:82b1ef51-6058-4a75-a31c-0e7349f95975/non_village/trap[9]
111,11.5519,50.9555,168.0,fallow_land,,bush,,uuid:82b1ef51-6058-4a75-a31c-0e7349f95975,uuid:82b1ef51-6058-4a75-a31c-0e7349f95975/non_village/trap[10]
112,11.5504,50.9567,170.0,fallow_land,,bush,,uuid:82b1ef51-6058-4a75-a31c-0e7349f95975,uuid:82b1ef51-6058-4a75-a31c-0e7349f95975/non_village/trap[11]
113,11.5495,50.9581,170.0,fallow_land,,bush,,uuid:82b1ef51-6058-4a75-a31c-0e7349f95975,uuid:82b1ef51-6058-4a75-a31c-0e7349f95975/non_village/trap[12]
114,11.5492,50.961,171.0,fallow_land,,bush,,uuid:82b1ef51-6058-4a75-a31c-0e7349f95975,uuid:82b1ef51-6058-4a75-a31c-0e7349f95975/non_village/trap[13]
115,11.5484,50.9622,171.0,fallow_land,,bush,,uuid:82b1ef51-6058-4a75-a31c-0e7349f95975,uuid:82b1ef51-6058-4a75-a31c-0e7349f95975/non_village/trap[14]
116,11.5509,50.951,167.0,fallow_land,path,bush,,uuid:82b1ef51-6058-4a75-a31c-0e7349f95975,uuid:82b1ef51-6058-4a75-a31c-0e7349f95975/non_village/trap[15]
117,11.5508,50.9528,168.0,fallow_land,,low_plants,,uuid:82b1ef51-6058-4a75-a31c-0e7349f95975,uuid:82b1ef51-6058-4a75-a31c-0e7349f95975/non_village/trap[16]
118,11.5481,50.9546,170.0,fallow_land,,bush,,uuid:82b1ef51-6058-4a75-a31c-0e7349f95975,uuid:82b1ef51-6058-4a75-a31c-0e7349f95975/non_village/trap[17]
119,11.5475,50.9569,171.0,fallow_land,,bush,,uuid:82b1ef51-6058-4a75-a31c-0e7349f95975,uuid:82b1ef51-6058-4a75-a31c-0e7349f95975/non_village/trap[18]
120,11.5459,50.9588,172.0,fallow_land,tree,bush,,uuid:82b1ef51-6058-4a75-a31c-0e7349f95975,uuid:82b1ef51-6058-4a75-a31c-0e7349f95975/non_village/trap[19]
121,11.5442,50.9602,173.0,fallow_land,,bush,,uuid:82b1ef51-6058-4a75-a31c-0e7349f95975,uuid:82b1ef51-6058-4a75-a31c-0e7349f95975/non_village/trap[20]
122,11.5434,50.963,173.0,fallow_land,tree,bush,,uuid:82b1ef51-6058-4a75-a31c-0e7349f95975,uuid:82b1ef51-6058-4a75-a31c-0e7349f95975/non_village/trap[21]
123,11.5477,50.9507,170.0,fallow_land,path,edge bush,,uuid:82b1ef51-6058-4a75-a31c-0e7349f95975,uuid:82b1ef51-6058-4a75-a31c-0e7349f95975/non_village/trap[22]
124,11.5472,50.9528,170.0,fallow_land,,bush,,uuid:82b1ef51-6058-4a75-a31c-0e7349f95975,uuid:82b1ef51-6058-4a75-a31c-0e7349f95975/non_village/trap[23]
125,11.5456,50.9542,171.0,fallow_land,,bush,,uuid:82b1ef51-6058-4a75-a31c-0e7349f95975,uuid:82b1ef51-6058-4a75-a31c-0e7349f95975/non_village/trap[24]
126,11.5445,50.9557,171.0,fallow_land,tree,bush,,uuid:82b1ef51-6058-4a75-a31c-0e7349f95975,uuid:82b1ef51-6058-4a75-a31c-0e7349f95975/non_village/trap[25]
127,11.5433,50.9579,172.0,fallow_land,,bush,,uuid:82b1ef51-6058-4a75-a31c-0e7349f95975,uuid:82b1ef51-6058-4a75-a31c-0e7349f95975/non_village/trap[26]
128,11.5421,50.9605,174.0,fallow_land,,bush,,uuid:82b1ef51-6058-4a75-a31c-0e7349f95975,uuid:82b1ef51-6058-4a75-a31c-0e7349f95975/non_village/trap[27]
129,11.5406,50.9632,175.0,fallow_land,,bush,,uuid:82b1ef51-6058-4a75-a31c-0e7349f95975,uuid:82b1ef51-6058-4a75-a31c-0e7349f95975/non_village/trap[28]
130,11.5466,50.9489,171.0,fallow_land,path,edge bush,,uuid:82b1ef51-6058-4a75-a31c-0e7349f95975,uuid:82b1ef51-6058-4a75-a31c-0e7349f95975/non_village/trap[29]
131,11.545,50.9503,171.0,fallow_land,,bush,,uuid:82b1ef51-6058-4a75-a31c-0e7349f95975,uuid:82b1ef51-6058-4a75-a31c-0e7349f95975/non_village/trap[30]
132,11.5428,50.9523,171.0,fallow_land,path,low_plants,,uuid:82b1ef51-6058-4a75-a31c-0e7349f95975,uuid:82b1ef51-6058-4a75-a31c-0e7349f95975/non_village/trap[31]
133,11.5427,50.9554,170.0,fallow_land,path,low_plants bush,,uuid:82b1ef51-6058-4a75-a31c-0e7349f95975,uuid:82b1ef51-6058-4a75-a31c-0e7349f95975/non_village/trap[32]
134,11.5418,50.9562,173.0,fallow_land,path,low_plants,,uuid:82b1ef51-6058-4a75-a31c-0e7349f95975,uuid:82b1ef51-6058-4a75-a31c-0e7349f95975/non_village/trap[33]
135,11.5409,50.9582,174.0,fallow_land,path,low_plants,,uuid:82b1ef51-6058-4a75-a31c-0e7349f95975,uuid:82b1ef51-6058-4a75-a31c-0e7349f95975/non_village/trap[34]
136,11.5395,50.9599,174.0,fallow_land,tree path,bush,,uuid:82b1ef51-6058-4a75-a31c-0e7349f95975,uuid:82b1ef51-6058-4a75-a31c-0e7349f95975/non_village/trap[35]
137,11.5431,50.9483,170.0,fallow_land,path,low_plants grass,,uuid:82b1ef51-6058-4a75-a31c-0e7349f95975,uuid:82b1ef51-6058-4a75-a31c-0e7349f95975/non_village/trap[36]
138,11.5418,50.9498,171.0,fallow_land,tree,bush,,uuid:82b1ef51-6058-4a75-a31c-0e7349f95975,uuid:82b1ef51-6058-4a75-a31c-0e7349f95975/non_village/trap[37]
139,11.5401,50.953,173.0,fallow_land,tree,bush,,uuid:82b1ef51-6058-4a75-a31c-0e7349f95975,uuid:82b1ef51-6058-4a75-a31c-0e7349f95975/non_village/trap[38]
140,11.5391,50.9547,175.0,fallow_land,,bush,,uuid:82b1ef51-6058-4a75-a31c-0e7349f95975,uuid:82b1ef51-6058-4a75-a31c-0e7349f95975/non_village/trap[39]
142,11.5382,50.9554,175.0,fallow_land,,bush,,uuid:82b1ef51-6058-4a75-a31c-0e7349f95975,uuid:82b1ef51-6058-4a75-a31c-0e7349f95975/non_village/trap[40]
144,11.537,50.957,176.0,fallow_land,,bush,,uuid:82b1ef51-6058-4a75-a31c-0e7349f95975,uuid:82b1ef51-6058-4a75-a31c-0e7349f95975/non_village/trap[41]
146,11.5364,50.9592,177.0,fallow_land,,bush,,uuid:82b1ef51-6058-4a75-a31c-0e7349f95975,uuid:82b1ef51-6058-4a75-a31c-0e7349f95975/non_village/trap[42]
99,11.5379,50.949,171.0,fallow_land,path,edge bush,,uuid:82b1ef51-6058-4a75-a31c-0e7349f95975,uuid:82b1ef51-6058-4a75-a31c-0e7349f95975/non_village/trap[43]
100,11.5378,50.9507,171.0,fallow_land,,bush,,uuid:82b1ef51-6058-4a75-a31c-0e7349f95975,uuid:82b1ef51-6058-4a75-a31c-0e7349f95975/non_village/trap[44]
145,11.5372,50.9525,172.0,fallow_land,,bush,,uuid:82b1ef51-6058-4a75-a31c-0e7349f95975,uuid:82b1ef51-6058-4a75-a31c-0e7349f95975/non_village/trap[45]
147,11.5366,50.9531,171.0,fallow_land,tree,bush,,uuid:82b1ef51-6058-4a75-a31c-0e7349f95975,uuid:82b1ef51-6058-4a75-a31c-0e7349f95975/non_village/trap[46]
148,11.536,50.955,171.0,fallow_land,,bush,,uuid:82b1ef51-6058-4a75-a31c-0e7349f95975,uuid:82b1ef51-6058-4a75-a31c-0e7349f95975/non_village/trap[47]
149,11.5345,50.9566,173.0,fallow_land,,bush,,uuid:82b1ef51-6058-4a75-a31c-0e7349f95975,uuid:82b1ef51-6058-4a75-a31c-0e7349f95975/non_village/trap[48]
150,11.5346,50.9585,172.0,fallow_land,,bush,,uuid:82b1ef51-6058-4a75-a31c-0e7349f95975,uuid:82b1ef51-6058-4a75-a31c-0e7349f95975/non_village/trap[49]
50,8.582,0.6929,161.0,fallow_land,house,clearing,,uuid:459531db-0653-43fb-aba2-1fffe05c9afc,uuid:459531db-0653-43fb-aba2-1fffe05c9afc/non_village/trap[1]
51,11.6815,51.0726,161.0,open_land,,clearing,,uuid:459531db-0653-43fb-aba2-1fffe05c9afc,uuid:459531db-0653-43fb-aba2-1fffe05c9afc/non_village/trap[2]
53,11.6802,51.0713,161.0,forested,,bush,,uuid:459531db-0653-43fb-aba2-1fffe05c9afc,uuid:459531db-0653-43fb-aba2-1fffe05c9afc/non_village/trap[3]
54,11.6756,51.0692,163.0,open_land,,bush,,uuid:459531db-0653-43fb-aba2-1fffe05c9afc,uuid:459531db-0653-43fb-aba2-1fffe05c9afc/non_village/trap[4]
55,11.6743,51.0681,165.0,fallow_land,,bush,,uuid:459531db-0653-43fb-aba2-1fffe05c9afc,uuid:459531db-0653-43fb-aba2-1fffe05c9afc/non_village/trap[5]
56,11.6719,51.0671,166.0,forested,,bush,,uuid:459531db-0653-43fb-aba2-1fffe05c9afc,uuid:459531db-0653-43fb-aba2-1fffe05c9afc/non_village/trap[6]
57,11.6834,51.075,161.0,fallow_land,,bush,,uuid:459531db-0653-43fb-aba2-1fffe05c9afc,uuid:459531db-0653-43fb-aba2-1fffe05c9afc/non_village/trap[7]
58,11.6812,51.0746,162.0,forested,,bush,,uuid:459531db-0653-43fb-aba2-1fffe05c9afc,uuid:459531db-0653-43fb-aba2-1fffe05c9afc/non_village/trap[8]
59,11.6792,51.0734,163.0,forested,anthill_termitemound,bush,,uuid:459531db-0653-43fb-aba2-1fffe05c9afc,uuid:459531db-0653-43fb-aba2-1fffe05c9afc/non_village/trap[9]
60,11.6765,51.0727,164.0,forested,,clearing,,uuid:459531db-0653-43fb-aba2-1fffe05c9afc,uuid:459531db-0653-43fb-aba2-1fffe05c9afc/non_village/trap[10]
61,11.6731,51.0719,165.0,forested,,grass,,uuid:459531db-0653-43fb-aba2-1fffe05c9afc,uuid:459531db-0653-43fb-aba2-1fffe05c9afc/non_village/trap[11]
62,11.6722,51.0713,165.0,open_land,,grass,,uuid:459531db-0653-43fb-aba2-1fffe05c9afc,uuid:459531db-0653-43fb-aba2-1fffe05c9afc/non_village/trap[12]
63,11.6695,51.0697,167.0,open_land,,grass,,uuid:459531db-0653-43fb-aba2-1fffe05c9afc,uuid:459531db-0653-43fb-aba2-1fffe05c9afc/non_village/trap[13]
64,11.6824,51.0772,161.0,open_land,,grass,1624896740796.jpg,uuid:459531db-0653-43fb-aba2-1fffe05c9afc,uuid:459531db-0653-43fb-aba2-1fffe05c9afc/non_village/trap[14]
65,11.6806,51.0761,161.0,open_land,,clearing,,uuid:459531db-0653-43fb-aba2-1fffe05c9afc,uuid:459531db-0653-43fb-aba2-1fffe05c9afc/non_village/trap[15]
66,11.6786,51.0758,162.0,open_land,,bush,,uuid:459531db-0653-43fb-aba2-1fffe05c9afc,uuid:459531db-0653-43fb-aba2-1fffe05c9afc/non_village/trap[16]
67,11.6761,51.0746,163.0,open_land,,grass,,uuid:459531db-0653-43fb-aba2-1fffe05c9afc,uuid:459531db-0653-43fb-aba2-1fffe05c9afc/non_village/trap[17]
68,11.6737,51.0739,165.0,open_land,,grass,,uuid:459531db-0653-43fb-aba2-1fffe05c9afc,uuid:459531db-0653-43fb-aba2-1fffe05c9afc/non_village/trap[18]
69,11.6707,51.0726,166.0,open_land,,grass clearing,,uuid:459531db-0653-43fb-aba2-1fffe05c9afc,uuid:459531db-0653-43fb-aba2-1fffe05c9afc/non_village/trap[19]
70,11.6678,51.0719,167.0,open_land,,grass clearing,,uuid:459531db-0653-43fb-aba2-1fffe05c9afc,uuid:459531db-0653-43fb-aba2-1fffe05c9afc/non_village/trap[20]
71,11.6812,51.0794,162.0,open_land,house,grass clearing,,uuid:459531db-0653-43fb-aba2-1fffe05c9afc,uuid:459531db-0653-43fb-aba2-1fffe05c9afc/non_village/trap[21]
72,11.679,51.0787,163.0,open_land,,grass clearing,,uuid:459531db-0653-43fb-aba2-1fffe05c9afc,uuid:459531db-0653-43fb-aba2-1fffe05c9afc/non_village/trap[22]
73,11.6771,51.0789,164.0,open_land,,clearing,,uuid:459531db-0653-43fb-aba2-1fffe05c9afc,uuid:459531db-0653-43fb-aba2-1fffe05c9afc/non_village/trap[23]
74,11.6751,51.0777,164.0,open_land,,grass,,uuid:459531db-0653-43fb-aba2-1fffe05c9afc,uuid:459531db-0653-43fb-aba2-1fffe05c9afc/non_village/trap[24]
75,11.6734,51.0773,165.0,open_land,anthill_termitemound,clearing,,uuid:459531db-0653-43fb-aba2-1fffe05c9afc,uuid:459531db-0653-43fb-aba2-1fffe05c9afc/non_village/trap[25]
76,11.6707,51.0775,167.0,open_land,,clearing grass,,uuid:459531db-0653-43fb-aba2-1fffe05c9afc,uuid:459531db-0653-43fb-aba2-1fffe05c9afc/non_village/trap[26]
77,11.6677,51.0771,168.0,open_land,,grass clearing,,uuid:459531db-0653-43fb-aba2-1fffe05c9afc,uuid:459531db-0653-43fb-aba2-1fffe05c9afc/non_village/trap[27]
77,11.6796,51.0808,160.0,forested,house,leaf_litter,,uuid:459531db-0653-43fb-aba2-1fffe05c9afc,uuid:459531db-0653-43fb-aba2-1fffe05c9afc/non_village/trap[28]
79,11.6777,51.0814,161.0,fallow_land,,grass clearing leaf_litter,,uuid:459531db-0653-43fb-aba2-1fffe05c9afc,uuid:459531db-0653-43fb-aba2-1fffe05c9afc/non_village/trap[29]
80,11.6762,51.0814,163.0,open_land,,clearing leaf_litter rocks,,uuid:459531db-0653-43fb-aba2-1fffe05c9afc,uuid:459531db-0653-43fb-aba2-1fffe05c9afc/non_village/trap[30]
81,11.6742,51.0818,164.0,open_land,,leaf_litter clearing,,uuid:459531db-0653-43fb-aba2-1fffe05c9afc,uuid:459531db-0653-43fb-aba2-1fffe05c9afc/non_village/trap[31]
82,11.6711,51.082,165.0,open_land,tree,clearing,,uuid:459531db-0653-43fb-aba2-1fffe05c9afc,uuid:459531db-0653-43fb-aba2-1fffe05c9afc/non_village/trap[32]
83,11.6683,51.081,168.0,open_land,,grass clearing,,uuid:459531db-0653-43fb-aba2-1fffe05c9afc,uuid:459531db-0653-43fb-aba2-1fffe05c9afc/non_village/trap[33]
84,11.6657,51.0809,169.0,open_land,,grass clearing,,uuid:459531db-0653-43fb-aba2-1fffe05c9afc,uuid:459531db-0653-43fb-aba2-1fffe05c9afc/non_village/trap[34]
85,11.6749,51.0862,164.0,forested,,leaf_litter grass,,uuid:459531db-0653-43fb-aba2-1fffe05c9afc,uuid:459531db-0653-43fb-aba2-1fffe05c9afc/non_village/trap[35]
86,11.6729,51.0865,163.0,open_land,,clearing grass leaf_litter,,uuid:459531db-0653-43fb-aba2-1fffe05c9afc,uuid:459531db-0653-43fb-aba2-1fffe05c9afc/non_village/trap[36]
87,11.6696,51.0844,166.0,open_land,,rocks leaf_litter clearing grass,,uuid:459531db-0653-43fb-aba2-1fffe05c9afc,uuid:459531db-0653-43fb-aba2-1fffe05c9afc/non_village/trap[37]
88,11.6672,51.084,168.0,open_land,,grass clearing leaf_litter rocks,,uuid:459531db-0653-43fb-aba2-1fffe05c9afc,uuid:459531db-0653-43fb-aba2-1fffe05c9afc/non_village/trap[38]
89,11.6647,51.0839,169.0,fallow_land,,leaf_litter clearing rocks,,uuid:459531db-0653-43fb-aba2-1fffe05c9afc,uuid:459531db-0653-43fb-aba2-1fffe05c9afc/non_village/trap[39]
90,11.6612,51.0828,170.0,open_land,tree,clearing grass cassava_plant coffee_plant,,uuid:459531db-0653-43fb-aba2-1fffe05c9afc,uuid:459531db-0653-43fb-aba2-1fffe05c9afc/non_village/trap[40]
91,11.6587,51.0813,171.0,open_land,,leaf_litter grass,,uuid:459531db-0653-43fb-aba2-1fffe05c9afc,uuid:459531db-0653-43fb-aba2-1fffe05c9afc/non_village/trap[41]
92,11.671,51.0891,161.0,fallow_land,,grass clearing,,uuid:459531db-0653-43fb-aba2-1fffe05c9afc,uuid:459531db-0653-43fb-aba2-1fffe05c9afc/non_village/trap[42]
93,11.6674,51.0883,164.0,open_land,tree,clearing grass leaf_litter,,uuid:459531db-0653-43fb-aba2-1fffe05c9afc,uuid:459531db-0653-43fb-aba2-1fffe05c9afc/non_village/trap[43]
94,11.6655,51.0877,165.0,open_land,road,leaf_litter clearing grass,,uuid:459531db-0653-43fb-aba2-1fffe05c9afc,uuid:459531db-0653-43fb-aba2-1fffe05c9afc/non_village/trap[44]
95,11.664,51.0863,165.0,open_land,,grass clearing leaf_litter,,uuid:459531db-0653-43fb-aba2-1fffe05c9afc,uuid:459531db-0653-43fb-aba2-1fffe05c9afc/non_village/trap[45]
96,11.6617,51.0863,167.0,open_land,,rocks clearing grass leaf_litter,,uuid:459531db-0653-43fb-aba2-1fffe05c9afc,uuid:459531db-0653-43fb-aba2-1fffe05c9afc/non_village/trap[46]
97,11.6593,51.0857,168.0,open_land,,grass clearing,,uuid:459531db-0653-43fb-aba2-1fffe05c9afc,uuid:459531db-0653-43fb-aba2-1fffe05c9afc/non_village/trap[47]
98,11.6575,51.085,165.0,open_land,,rocks clearing grass leaf_litter,,uuid:459531db-0653-43fb-aba2-1fffe05c9afc,uuid:459531db-0653-43fb-aba2-1fffe05c9afc/non_village/trap[48]
,,,,,,,,uuid:459531db-0653-43fb-aba2-1fffe05c9afc,uuid:459531db-0653-43fb-aba2-1fffe05c9afc/non_village/trap[49]
1,11.7188,51.0248,154.0,agricultural,path,edge rice_plants marsh bush,,uuid:ef0e5e46-74e5-4d88-8fd3-5d1038b03cc3,uuid:ef0e5e46-74e5-4d88-8fd3-5d1038b03cc3/non_village/trap[1]
2,11.7204,51.0262,154.0,agricultural,path,bush marsh rice_plants,,uuid:ef0e5e46-74e5-4d88-8fd3-5d1038b03cc3,uuid:ef0e5e46-74e5-4d88-8fd3-5d1038b03cc3/non_village/trap[2]
3,11.7242,51.0301,154.0,agricultural,path,rice_plants edge marsh,,uuid:ef0e5e46-74e5-4d88-8fd3-5d1038b03cc3,uuid:ef0e5e46-74e5-4d88-8fd3-5d1038b03cc3/non_village/trap[3]
4,11.7245,51.0307,155.0,agricultural,path,edge marsh rice_plants,,uuid:ef0e5e46-74e5-4d88-8fd3-5d1038b03cc3,uuid:ef0e5e46-74e5-4d88-8fd3-5d1038b03cc3/non_village/trap[4]
5,11.727,51.0329,155.0,agricultural,road standing_water,marsh rice_plants edge,,uuid:ef0e5e46-74e5-4d88-8fd3-5d1038b03cc3,uuid:ef0e5e46-74e5-4d88-8fd3-5d1038b03cc3/non_village/trap[5]
6,11.7308,51.0363,154.0,agricultural,path,edge rice_plants bush marsh,,uuid:ef0e5e46-74e5-4d88-8fd3-5d1038b03cc3,uuid:ef0e5e46-74e5-4d88-8fd3-5d1038b03cc3/non_village/trap[6]
7,11.7351,51.0377,154.0,agricultural,path,edge rice_plants bush,,uuid:ef0e5e46-74e5-4d88-8fd3-5d1038b03cc3,uuid:ef0e5e46-74e5-4d88-8fd3-5d1038b03cc3/non_village/trap[7]
8,11.7181,51.0254,153.0,agricultural,path,rice_plants bush edge,,uuid:ef0e5e46-74e5-4d88-8fd3-5d1038b03cc3,uuid:ef0e5e46-74e5-4d88-8fd3-5d1038b03cc3/non_village/trap[8]
9,11.7196,51.0277,153.0,agricultural,path,rice_plants bush edge,,uuid:ef0e5e46-74e5-4d88-8fd3-5d1038b03cc3,uuid:ef0e5e46-74e5-4d88-8fd3-5d1038b03cc3/non_village/trap[9]
10,11.7221,51.0593,153.0,agricultural,path,edge bush rice_plants marsh,,uuid:ef0e5e46-74e5-4d88-8fd3-5d1038b03cc3,uuid:ef0e5e46-74e5-4d88-8fd3-5d1038b03cc3/non_village/trap[10]
11,11.7236,51.031,154.0,agricultural,path,edge marsh rice_plants,,uuid:ef0e5e46-74e5-4d88-8fd3-5d1038b03cc3,uuid:ef0e5e46-74e5-4d88-8fd3-5d1038b03cc3/non_village/trap[11]
12,11.7268,51.034,155.0,agricultural,path standing_water,edge bush rice_plants,,uuid:ef0e5e46-74e5-4d88-8fd3-5d1038b03cc3,uuid:ef0e5e46-74e5-4d88-8fd3-5d1038b03cc3/non_village/trap[12]
13,11.7308,51.038,154.0,agricultural,path,edge marsh rice_plants bush,,uuid:ef0e5e46-74e5-4d88-8fd3-5d1038b03cc3,uuid:ef0e5e46-74e5-4d88-8fd3-5d1038b03cc3/non_village/trap[13]
14,11.7345,51.0376,153.0,agricultural,path,edge marsh rice_plants,,uuid:ef0e5e46-74e5-4d88-8fd3-5d1038b03cc3,uuid:ef0e5e46-74e5-4d88-8fd3-5d1038b03cc3/non_village/trap[14]
15,11.708,51.0383,153.0,agricultural,path,edge bush rice_plants,,uuid:ef0e5e46-74e5-4d88-8fd3-5d1038b03cc3,uuid:ef0e5e46-74e5-4d88-8fd3-5d1038b03cc3/non_village/trap[15]
16,11.7104,51.0391,155.0,agricultural,standing_water,rice_plants,,uuid:ef0e5e46-74e5-4d88-8fd3-5d1038b03cc3,uuid:ef0e5e46-74e5-4d88-8fd3-5d1038b03cc3/non_village/trap[16]
22,11.7113,51.0398,154.0,agricultural,,rice_plants,,uuid:ef0e5e46-74e5-4d88-8fd3-5d1038b03cc3,uuid:ef0e5e46-74e5-4d88-8fd3-5d1038b03cc3/non_village/trap[17]
18,11.7138,51.0409,152.0,agricultural,,rice_plants,,uuid:ef0e5e46-74e5-4d88-8fd3-5d1038b03cc3,uuid:ef0e5e46-74e5-4d88-8fd3-5d1038b03cc3/non_village/trap[18]
19,11.7145,51.0428,153.0,agricultural,,rice_plants,,uuid:ef0e5e46-74e5-4d88-8fd3-5d1038b03cc3,uuid:ef0e5e46-74e5-4d88-8fd3-5d1038b03cc3/non_village/trap[19]
20,11.7198,51.0443,154.0,,,rice_plants marsh,,uuid:ef0e5e46-74e5-4d88-8fd3-5d1038b03cc3,uuid:ef0e5e46-74e5-4d88-8fd3-5d1038b03cc3/non_village/trap[20]
21,11.7185,51.0454,154.0,,,rice_plants marsh,,uuid:ef0e5e46-74e5-4d88-8fd3-5d1038b03cc3,uuid:ef0e5e46-74e5-4d88-8fd3-5d1038b03cc3/non_village/trap[21]
23,11.7013,51.0509,155.0,agricultural,tree,edge marsh rice_plants,,uuid:ef0e5e46-74e5-4d88-8fd3-5d1038b03cc3,uuid:ef0e5e46-74e5-4d88-8fd3-5d1038b03cc3/non_village/trap[22]
24,11.7035,51.0519,154.0,agricultural,,rice_plants marsh,,uuid:ef0e5e46-74e5-4d88-8fd3-5d1038b03cc3,uuid:ef0e5e46-74e5-4d88-8fd3-5d1038b03cc3/non_village/trap[23]
25,11.7043,51.0534,155.0,agricultural,,rice_plants,,uuid:ef0e5e46-74e5-4d88-8fd3-5d1038b03cc3,uuid:ef0e5e46-74e5-4d88-8fd3-5d1038b03cc3/non_village/trap[24]
26,11.7064,51.0548,152.0,agricultural,,marsh rice_plants,,uuid:ef0e5e46-74e5-4d88-8fd3-5d1038b03cc3,uuid:ef0e5e46-74e5-4d88-8fd3-5d1038b03cc3/non_village/trap[25]
27,11.7073,51.0557,153.0,agricultural,,rice_plants,,uuid:ef0e5e46-74e5-4d88-8fd3-5d1038b03cc3,uuid:ef0e5e46-74e5-4d88-8fd3-5d1038b03cc3/non_village/trap[26]
28,11.7092,51.0566,155.0,agricultural,,rice_plants marsh,,uuid:ef0e5e46-74e5-4d88-8fd3-5d1038b03cc3,uuid:ef0e5e46-74e5-4d88-8fd3-5d1038b03cc3/non_village/trap[27]
29,11.7107,51.0567,155.0,agricultural,,rice_plants,,uuid:ef0e5e46-74e5-4d88-8fd3-5d1038b03cc3,uuid:ef0e5e46-74e5-4d88-8fd3-5d1038b03cc3/non_village/trap[28]
30,11.7017,51.0589,155.0,agricultural,path,edge marsh rice_plants,,uuid:ef0e5e46-74e5-4d88-8fd3-5d1038b03cc3,uuid:ef0e5e46-74e5-4d88-8fd3-5d1038b03cc3/non_village/trap[29]
31,11.7028,51.0593,155.0,agricultural,,marsh rice_plants,,uuid:ef0e5e46-74e5-4d88-8fd3-5d1038b03cc3,uuid:ef0e5e46-74e5-4d88-8fd3-5d1038b03cc3/non_village/trap[30]
32,11.7052,51.0602,155.0,agricultural,,rice_plants,,uuid:ef0e5e46-74e5-4d88-8fd3-5d1038b03cc3,uuid:ef0e5e46-74e5-4d88-8fd3-5d1038b03cc3/non_village/trap[31]
33,11.7061,51.0608,155.0,agricultural,,rice_plants,,uuid:ef0e5e46-74e5-4d88-8fd3-5d1038b03cc3,uuid:ef0e5e46-74e5-4d88-8fd3-5d1038b03cc3/non_village/trap[32]
34,11.7077,51.062,154.0,agricultural,,rice_plants,,uuid:ef0e5e46-74e5-4d88-8fd3-5d1038b03cc3,uuid:ef0e5e46-74e5-4d88-8fd3-5d1038b03cc3/non_village/trap[33]
35,11.7091,51.0613,155.0,agricultural,,marsh rice_plants,,uuid:ef0e5e46-74e5-4d88-8fd3-5d1038b03cc3,uuid:ef0e5e46-74e5-4d88-8fd3-5d1038b03cc3/non_village/trap[34]
36,11.7096,51.0601,153.0,agricultural,,rice_plants marsh,,uuid:ef0e5e46-74e5-4d88-8fd3-5d1038b03cc3,uuid:ef0e5e46-74e5-4d88-8fd3-5d1038b03cc3/non_village/trap[35]
37,11.6989,51.0674,153.0,agricultural,,rice_plants marsh,,uuid:ef0e5e46-74e5-4d88-8fd3-5d1038b03cc3,uuid:ef0e5e46-74e5-4d88-8fd3-5d1038b03cc3/non_village/trap[36]
38,11.7001,51.0691,153.0,agricultural,path,rice_plants,,uuid:ef0e5e46-74e5-4d88-8fd3-5d1038b03cc3,uuid:ef0e5e46-74e5-4d88-8fd3-5d1038b03cc3/non_village/trap[37]
39,11.7029,51.0702,153.0,agricultural,standing_water path,rice_plants,,uuid:ef0e5e46-74e5-4d88-8fd3-5d1038b03cc3,uuid:ef0e5e46-74e5-4d88-8fd3-5d1038b03cc3/non_village/trap[38]
40,11.7054,51.0704,154.0,agricultural,path,edge marsh rice_plants,,uuid:ef0e5e46-74e5-4d88-8fd3-5d1038b03cc3,uuid:ef0e5e46-74e5-4d88-8fd3-5d1038b03cc3/non_village/trap[39]
41,11.7062,51.0709,153.0,agricultural,path,rice_plants edge,,uuid:ef0e5e46-74e5-4d88-8fd3-5d1038b03cc3,uuid:ef0e5e46-74e5-4d88-8fd3-5d1038b03cc3/non_village/trap[40]
42,11.7101,51.0724,153.0,agricultural,path,rice_plants,,uuid:ef0e5e46-74e5-4d88-8fd3-5d1038b03cc3,uuid:ef0e5e46-74e5-4d88-8fd3-5d1038b03cc3/non_village/trap[41]
43,11.7131,51.0746,152.0,agricultural,path tree,banana_tree rice_plants edge marsh,,uuid:ef0e5e46-74e5-4d88-8fd3-5d1038b03cc3,uuid:ef0e5e46-74e5-4d88-8fd3-5d1038b03cc3/non_village/trap[42]
44,11.6944,51.074,154.0,agricultural,,rice_plants marsh,,uuid:ef0e5e46-74e5-4d88-8fd3-5d1038b03cc3,uuid:ef0e5e46-74e5-4d88-8fd3-5d1038b03cc3/non_village/trap[43]
45,11.6954,51.0748,153.0,agricultural,,rice_plants,,uuid:ef0e5e46-74e5-4d88-8fd3-5d1038b03cc3,uuid:ef0e5e46-74e5-4d88-8fd3-5d1038b03cc3/non_village/trap[44]
46,11.6964,51.0749,153.0,agricultural,,rice_plants,,uuid:ef0e5e46-74e5-4d88-8fd3-5d1038b03cc3,uuid:ef0e5e46-74e5-4d88-8fd3-5d1038b03cc3/non_village/trap[45]
47,11.6989,51.0761,153.0,agricultural,,rice_plants,,uuid:ef0e5e46-74e5-4d88-8fd3-5d1038b03cc3,uuid:ef0e5e46-74e5-4d88-8fd3-5d1038b03cc3/non_village/trap[46]
48,11.6998,51.0769,154.0,agricultural,,rice_plants,,uuid:ef0e5e46-74e5-4d88-8fd3-5d1038b03cc3,uuid:ef0e5e46-74e5-4d88-8fd3-5d1038b03cc3/non_village/trap[47]
49,11.7015,51.0781,154.0,agricultural,,rice_plants,,uuid:ef0e5e46-74e5-4d88-8fd3-5d1038b03cc3,uuid:ef0e5e46-74e5-4d88-8fd3-5d1038b03cc3/non_village/trap[48]
101,11.7033,51.0787,153.0,agricultural,,rice_plants marsh,,uuid:ef0e5e46-74e5-4d88-8fd3-5d1038b03cc3,uuid:ef0e5e46-74e5-4d88-8fd3-5d1038b03cc3/non_village/trap[49]
