rodent_id,trap_number,trap_night,initial_species_id,group,weight,head_body,tail,hind_foot,ear,length_skull,sex,testes,seminal_vesicles,vagina_perforate,teats_visible,pairs_teats,number_embryos,photos_taken,notes,visit,all_samples,date_entered,study_site,village,trap_uid,dorsal_image_id,ventral_image_id,cut_tail,key,genus,family,habitat_group.x,trap_land_type.x,weather.x,lon.x,lat.x,habitat_group.y,trap_land_type.y,weather.y,lon.y,lat.y
LAL-01,21,1,lophuromys_spp,rodent,79,140,78,22,17,40,male,outside,not_noted,na,na,NA,NA,y,NA,1,yes,2020-12-01,1,lalehun,lalehun_1_1_1_21,NA,NA,NA,NA,lophuromys,muridae,Village,bush,rain,-11.079483333333334,8.196283333333334,Village,bush,rain,-11.079483333333334,8.196283333333334
LAL-02,46,1,crocidura_spp,shrew,39,137,84,20,11,44,male,inside,not_noted,na,na,NA,NA,y,NA,1,yes,2020-12-01,1,lalehun,lalehun_1_1_1_46,NA,NA,NA,NA,crocidura,soricidae,Village,by_tree,rain,-11.079133333333333,8.196283333333334,Village,by_tree,rain,-11.079133333333333,8.196283333333334
LAL-03,102,1,lemniscomys_spp,rodent,55,118,123,26,18,29,female,na,na,open,visible,NA,6,y,NA,1,no,2020-12-02,2,lalehun,lalehun_1_1_2_102,NA,NA,NA,NA,lemniscomys,muridae,Proximal agriculture,rice_field,dry,-11.0789,8.198683333333333,Proximal agriculture,rice_field,dry,-11.0789,8.198683333333333
LAL-04,106,1,lophuromys_spp,rodent,60.5,138,69,22,14,39,male,outside,developed,na,na,NA,NA,y,NA,1,yes,2020-12-02,2,lalehun,lalehun_1_1_2_106,NA,NA,NA,NA,lophuromys,muridae,Proximal agriculture,"bush, by_running_water, rice_field",dry,-11.078833333333334,8.198783333333333,Proximal agriculture,"bush, by_running_water, rice_field",dry,-11.078833333333334,8.198783333333333
LAL-05,184,1,crocidura_spp,shrew,12,84,54,14,9,29,male,inside,not_noted,na,na,NA,NA,y,NA,1,no,2020-12-02,3b,lalehun,lalehun_1_1_3b_184,NA,NA,NA,NA,crocidura,soricidae,Proximal agriculture,by_compound,dry,-11.080316666666667,8.199316666666666,Proximal agriculture,by_compound,dry,-11.080316666666667,8.199316666666666
LAL-06,28,3,mus_spp,rodent,14,75,58,13,11,24,female,na,na,not_noted,visible,NA,3,y,NA,1,yes,2020-12-03,1,lalehun,lalehun_1_3_1_28,NA,NA,NA,NA,mus_spp,mus_spp,Village,"near_structure, old_latrine",dry,-11.0792,8.196516666666668,Village,"near_structure, old_latrine",dry,-11.0792,8.196516666666668
LAL-07,40,3,mus_spp,rodent,14,78,60,10.4,10,10.5,male,outside,not_noted,na,na,NA,NA,y,NA,1,yes,2020-12-03,1,lalehun,lalehun_1_3_1_40,NA,NA,NA,NA,mus_spp,mus_spp,Village,thick_bush,dry,-11.079116666666666,8.196333333333333,Village,thick_bush,dry,-11.079116666666666,8.196333333333333
LAL-08,45,3,crocidura_spp,shrew,27,120,80,10.6,10,35,male,inside,not_noted,na,na,NA,NA,y,NA,1,yes,2020-12-03,1,lalehun,lalehun_1_3_1_45,NA,NA,NA,NA,crocidura,soricidae,Village,"by_tree, by_path",dry,-11.07915,8.1962,Village,"by_tree, by_path",dry,-11.07915,8.1962
LAL-09,57,2,lophuromys_spp,rodent,70,132,34,21,22,35,male,outside,not_noted,na,na,NA,NA,y,cut_tail,1,yes,2020-12-03,2,lalehun,lalehun_1_2_2_57,NA,NA,NA,NA,lophuromys,muridae,Proximal agriculture,rice_field,dry,-11.079283333333333,8.1988,Proximal agriculture,rice_field,dry,-11.079283333333333,8.1988
LAL-10,104,2,lophuromys_spp,rodent,74,139,60,20,17,35,male,outside,developed,na,na,NA,NA,y,NA,1,yes,2020-12-03,2,lalehun,lalehun_1_2_2_104,NA,NA,NA,NA,lophuromys,muridae,Proximal agriculture,"rice_field, by_running_water",dry,-11.078916666666666,8.1988,Proximal agriculture,"rice_field, by_running_water",dry,-11.078916666666666,8.1988
LAL-11,105,2,lophuromys_spp,rodent,55,124,80,22,19,34,female,na,na,open,barely_visible,NA,0,y,NA,1,yes,2020-12-03,2,lalehun,lalehun_1_2_2_105,NA,NA,NA,NA,lophuromys,muridae,Proximal agriculture,"rice_field, by_running_water",dry,-11.078883333333334,8.19885,Proximal agriculture,"rice_field, by_running_water",dry,-11.078883333333334,8.19885
LAL-12,134,2,crocidura_spp,shrew,29,119,74,17,11,34,female,na,na,open,visible,NA,3,y,NA,1,yes,2020-12-03,2,lalehun,lalehun_1_2_2_134,NA,NA,NA,NA,crocidura,soricidae,Proximal agriculture,"by_path, banana_plantation",dry,-11.079483333333334,8.198783333333333,Proximal agriculture,"by_path, banana_plantation",dry,-11.079483333333334,8.198783333333333
LAL-13,184,2,crocidura_spp,shrew,25,117,67,17,10,34,female,na,na,not_noted,not_noted,NA,0,y,NA,1,yes,2020-12-03,3b,lalehun,lalehun_1_2_3b_184,NA,NA,NA,NA,crocidura,soricidae,Proximal agriculture,by_compound,dry,-11.080316666666667,8.199316666666666,Proximal agriculture,by_compound,dry,-11.080316666666667,8.199316666666666
LAL-14,248,1,crocidura_spp,shrew,25,114,50,16,10,29,male,inside,not_noted,na,na,NA,NA,y,NA,1,yes,2020-12-03,6,lalehun,lalehun_1_1_6_248,NA,NA,NA,NA,crocidura,soricidae,Village,"banana_garden, by_road",dry,-11.079866666666666,8.198483333333334,Village,"banana_garden, by_road",dry,-11.079866666666666,8.198483333333334
LAL-15,252,1,crocidura_spp,shrew,17,93,55,14,7,25,male,inside,not_noted,na,na,NA,NA,y,NA,1,yes,2020-12-03,6,lalehun,lalehun_1_1_6_252,NA,NA,NA,NA,crocidura,soricidae,Village,low_shrubs,dry,-11.080366666666666,8.198133333333333,Village,low_shrubs,dry,-11.080366666666666,8.198133333333333
LAL-16,263,1,crocidura_spp,shrew,10.1,89,57,14,7,29,male,inside,not_noted,na,na,NA,NA,y,NA,1,yes,2020-12-03,6,lalehun,lalehun_1_1_6_263,NA,NA,NA,NA,crocidura,soricidae,Village,"low_shrubs, by_chicken_shed",dry,-11.0803,8.196816666666667,Village,"low_shrubs, by_chicken_shed",dry,-11.0803,8.196816666666667
LAL-17,11,4,mus_spp,rodent,13,73,56,16,12,25,female,na,na,open,not_noted,NA,5,y,NA,1,yes,2020-12-04,1,lalehun,lalehun_1_4_1_11,NA,NA,NA,NA,mus_spp,mus_spp,Village,shrubs,dry,-11.0794,8.19645,Village,shrubs,dry,-11.0794,8.19645
LAL-18,57,3,lophuromys_spp,rodent,67,133,70,23,17,33,male,outside,developed,na,na,NA,NA,y,NA,1,yes,2020-12-04,2,lalehun,lalehun_1_3_2_57,NA,NA,NA,NA,lophuromys,muridae,Proximal agriculture,rice_field,dry,-11.079283333333333,8.1988,Proximal agriculture,rice_field,dry,-11.079283333333333,8.1988
LAL-19,59,3,lophuromys_spp,rodent,73,132,72,24,17,37,female,na,na,open,not_noted,NA,3,y,NA,1,yes,2020-12-04,2,lalehun,lalehun_1_3_2_59,NA,NA,NA,NA,lophuromys,muridae,Proximal agriculture,rice_field,dry,-11.079283333333333,8.198716666666666,Proximal agriculture,rice_field,dry,-11.079283333333333,8.198716666666666
LAL-20,106,3,crocidura_spp,shrew,13,89,58,17,7,29,male,inside,not_noted,na,na,NA,NA,y,NA,1,no,2020-12-04,2,lalehun,lalehun_1_3_2_106,NA,NA,NA,NA,crocidura,soricidae,Proximal agriculture,"bush, by_running_water, rice_field",dry,-11.078833333333334,8.198783333333333,Proximal agriculture,"bush, by_running_water, rice_field",dry,-11.078833333333334,8.198783333333333
LAL-21,184,3,crocidura_spp,shrew,25,117,57,18,9,32,female,na,na,open,not_noted,NA,0,y,NA,1,no,2020-12-04,3b,lalehun,lalehun_1_3_3b_184,NA,NA,NA,NA,crocidura,soricidae,Proximal agriculture,by_compound,dry,-11.080316666666667,8.199316666666666,Proximal agriculture,by_compound,dry,-11.080316666666667,8.199316666666666
LAL-22,254,2,crocidura_spp,shrew,13,88,65,15,7,24,male,inside,not_noted,na,na,NA,NA,y,NA,1,no,2020-12-04,6,lalehun,lalehun_1_2_6_254,NA,NA,NA,NA,crocidura,soricidae,Village,"bush, edge",dry,-11.080166666666667,8.198433333333334,Village,"bush, edge",dry,-11.080166666666667,8.198433333333334
SEI-001,215,1,malacomys_spp,rodent,42,113,152,26,22,41,female,na,na,open,not_noted,NA,3,y,NA,1,yes,2020-12-05,5,seilama,seilama_1_1_5_215,NA,NA,NA,NA,malacomys_spp,malacomys_spp,Forest/fallow land,by_tree,dry,-11.19795,8.1237,Forest/fallow land,by_tree,dry,-11.19795,8.1237
SEI-002,18,1,mus_spp,rodent,10,71,58,17,14,27,male,outside,not_noted,na,na,NA,NA,y,NA,1,yes,2020-12-05,1,seilama,seilama_1_1_1_18,NA,NA,NA,NA,mus_spp,mus_spp,Proximal agriculture,"by_palm_tree, thick_bush",dry,-11.1923,8.12225,Proximal agriculture,"by_palm_tree, thick_bush",dry,-11.1923,8.12225
SEI-003,44,1,lophuromys_spp,rodent,65,130,64,23,17,35,male,outside,developed,na,na,NA,NA,y,NA,1,yes,2020-12-05,1,seilama,seilama_1_1_1_44,NA,NA,NA,NA,lophuromys,muridae,Proximal agriculture,by_path,dry,-11.192233333333334,8.1227,Proximal agriculture,by_path,dry,-11.192233333333334,8.1227
SEI-004,88,1,lophuromys_spp,rodent,74,125,47,23,16,37,male,outside,developed,na,na,NA,NA,y,cut_tail,1,yes,2020-12-05,2,seilama,seilama_1_1_2_88,NA,NA,NA,NA,lophuromys,muridae,Distal agriculture,thick_bush,dry,-11.19415,8.123433333333333,Distal agriculture,thick_bush,dry,-11.19415,8.123433333333333
SEI-005,138,1,malacomys_spp,rodent,53,125,153,27,23,37,female,na,na,open,visible,2,0,y,evidence_previous_pregnancy,1,yes,2020-12-05,3,seilama,seilama_1_1_3_138,NA,NA,NA,NA,malacomys_spp,malacomys_spp,Distal agriculture,"thick_bush, edge",dry,-11.19475,8.12405,Distal agriculture,"thick_bush, edge",dry,-11.19475,8.12405
SEI-006,147,1,malacomys_spp,rodent,48,128,155,26,21,35,female,na,na,open,visible,2,0,y,lactating,1,no,2020-12-05,3,seilama,seilama_1_1_3_147,NA,NA,NA,NA,malacomys_spp,malacomys_spp,Distal agriculture,edge,dry,-11.194533333333334,8.12445,Distal agriculture,edge,dry,-11.194533333333334,8.12445
SEI-007,177,1,crocidura_spp,shrew,24,106,78,23,9,36,female,na,na,not_noted,not_noted,NA,0,y,NA,1,yes,2020-12-05,4,seilama,seilama_1_1_4_177,NA,NA,NA,NA,crocidura,soricidae,Distal agriculture,by_cassava_plant,dry,-11.194216666666666,8.120533333333332,Distal agriculture,by_cassava_plant,dry,-11.194216666666666,8.120533333333332
SEI-008,8,2,praomys_spp,rodent,53,116,132,27,19,35,male,outside,developed,na,na,NA,NA,y,NA,1,yes,2020-12-06,1,seilama,seilama_1_2_1_8,NA,NA,NA,NA,praomys,muridae,Proximal agriculture,"by_palm_tree, by_road, by_path",rain,-11.192216666666667,8.122083333333334,Proximal agriculture,"by_palm_tree, by_road, by_path",rain,-11.192216666666667,8.122083333333334
SEI-009,22,2,praomys_spp,rodent,17,85,18,24,17,27,male,outside,developed,na,na,NA,NA,y,NA,1,yes,2020-12-06,1,seilama,seilama_1_2_1_22,NA,NA,NA,NA,praomys,muridae,Proximal agriculture,"thick_bush, by_road, by_path",rain,-11.192,8.12255,Proximal agriculture,"thick_bush, by_road, by_path",rain,-11.192,8.12255
SEI-010,38,2,crocidura_spp,shrew,33,114,74,24,8,35,male,inside,developed,na,na,NA,NA,y,NA,1,no,2020-12-06,1,seilama,seilama_1_2_1_38,NA,NA,NA,NA,crocidura,soricidae,Proximal agriculture,"thick_bush, by_path",rain,-11.1922,8.1228,Proximal agriculture,"thick_bush, by_path",rain,-11.1922,8.1228
SEI-011,52,2,praomys_spp,rodent,14,78,95,22,16,33,male,outside,developed,na,na,NA,NA,y,NA,1,yes,2020-12-06,2,seilama,seilama_1_2_2_52,NA,NA,NA,NA,praomys,muridae,Distal agriculture,"by_banan_tree, leaf_litter, edge",rain,-11.1943,8.12295,Distal agriculture,"by_banan_tree, leaf_litter, edge",rain,-11.1943,8.12295
SEI-012,103,2,lemniscomys_spp,rodent,10,73,73,23,15,28,male,not_noted,developed,na,na,NA,NA,y,NA,1,yes,2020-12-06,3,seilama,seilama_1_2_3_103,NA,NA,NA,NA,lemniscomys,muridae,Distal agriculture,"hillside, edge",rain,-11.194366666666667,8.124,Distal agriculture,"hillside, edge",rain,-11.194366666666667,8.124
SEI-013,117,2,crocidura_spp,shrew,19,98,68,19,8,29,female,na,na,open,visible,NA,3,y,NA,1,no,2020-12-06,3,seilama,seilama_1_2_3_117,NA,NA,NA,NA,crocidura,soricidae,Distal agriculture,low_shrubs,rain,-11.1945,8.124,Distal agriculture,low_shrubs,rain,-11.1945,8.124
SEI-014,131,2,praomys_spp,rodent,43,105,122,25,19,35,female,na,na,not_open,not_noted,6,0,y,NA,1,yes,2020-12-06,3,seilama,seilama_1_2_3_131,NA,NA,NA,NA,praomys,muridae,Distal agriculture,thick_bush,rain,-11.1947,8.12405,Distal agriculture,thick_bush,rain,-11.1947,8.12405
SEI-015,133,2,praomys_spp,rodent,45,118,130,27,20,43,male,outside,developed,na,na,NA,NA,y,NA,1,yes,2020-12-06,3,seilama,seilama_1_2_3_133,NA,NA,NA,NA,praomys,muridae,Distal agriculture,fallen_log,rain,-11.19465,8.12415,Distal agriculture,fallen_log,rain,-11.19465,8.12415
SEI-016,142,2,praomys_spp,rodent,9,61,93,17,16,22,female,na,na,not_open,barely_visible,NA,0,y,NA,1,yes,2020-12-06,3,seilama,seilama_1_2_3_142,NA,NA,NA,NA,praomys,muridae,Distal agriculture,low_bush,rain,-11.194766666666666,8.124233333333333,Distal agriculture,low_bush,rain,-11.194766666666666,8.124233333333333
SEI-017,176,2,crocidura_spp,shrew,35,113,74,17,9,35,male,outside,developed,na,na,NA,NA,y,NA,1,no,2020-12-06,4,seilama,seilama_1_2_4_176,NA,NA,NA,NA,crocidura,soricidae,Distal agriculture,"by_fallen_log, by_path, edge, marsh",rain,-11.194183333333333,8.120566666666667,Distal agriculture,"by_fallen_log, by_path, edge, marsh",rain,-11.194183333333333,8.120566666666667
SEI-018,161,2,gerbillinae_spp,rodent,180,174,172,38,25,57,female,na,na,open,visible,3,6,y,NA,1,yes,2020-12-06,4,seilama,seilama_1_2_4_161,NA,NA,NA,NA,gerbillinae,muridae,Distal agriculture,thick_bush,rain,-11.194633333333334,8.120566666666667,Distal agriculture,thick_bush,rain,-11.194633333333334,8.120566666666667
SEI-019,169,2,lophuromys_spp,rodent,45,188,58,17,15,37,female,na,na,open,visible,2,0,y,NA,1,yes,2020-12-06,4,seilama,seilama_1_2_4_169,NA,NA,NA,NA,lophuromys,muridae,Distal agriculture,"low_bush, edge, marsh",rain,-11.194183333333333,8.1206,Distal agriculture,"low_bush, edge, marsh",rain,-11.194183333333333,8.1206
SEI-020,196,2,lophuromys_spp,rodent,55,115,NA,18,15,35,male,not_noted,developed,na,na,NA,NA,y,no_tail,1,yes,2020-12-06,4,seilama,seilama_1_2_4_196,NA,NA,NA,NA,lophuromys,muridae,Distal agriculture,low_bush,rain,-11.193633333333333,8.1209,Distal agriculture,low_bush,rain,-11.193633333333333,8.1209
SEI-021,215,2,praomys_spp,rodent,53,123,143,27,19,45,male,outside,developed,na,na,NA,NA,y,NA,1,yes,2020-12-06,5,seilama,seilama_1_2_5_215,NA,NA,NA,NA,praomys,muridae,Forest/fallow land,by_tree,rain,-11.19795,8.1237,Forest/fallow land,by_tree,rain,-11.19795,8.1237
SEI-022,219,2,praomys_spp,rodent,47,117,138,27,19,37,female,na,na,open,visible,3,4,y,NA,1,yes,2020-12-06,5,seilama,seilama_1_2_5_219,NA,NA,NA,NA,praomys,muridae,Forest/fallow land,"thick_bush, edge",rain,-11.197916666666666,8.123833333333334,Forest/fallow land,"thick_bush, edge",rain,-11.197916666666666,8.123833333333334
SEI-023,223,2,malacomys_spp,rodent,63,113,154,33,28,43,female,na,na,open,visible,2,3,y,NA,1,yes,2020-12-06,5,seilama,seilama_1_2_5_223,NA,NA,NA,NA,malacomys_spp,malacomys_spp,Forest/fallow land,leaf_litter,rain,-11.19775,8.12375,Forest/fallow land,leaf_litter,rain,-11.19775,8.12375
SEI-024,226,2,praomys_spp,rodent,44,109,139,26,19,41,female,na,na,not_noted,visible,3,3,y,NA,1,yes,2020-12-06,5,seilama,seilama_1_2_5_226,NA,NA,NA,NA,praomys,muridae,Forest/fallow land,thick_bush,rain,-11.197883333333333,8.12395,Forest/fallow land,thick_bush,rain,-11.197883333333333,8.12395
SEI-025,232,2,praomys_spp,rodent,37,105,118,26,19,36,female,na,na,open,visible,3,3,y,NA,1,yes,2020-12-06,5,seilama,seilama_1_2_5_232,NA,NA,NA,NA,praomys,muridae,Forest/fallow land,thick_bush,rain,-11.197533333333332,8.123766666666667,Forest/fallow land,thick_bush,rain,-11.197533333333332,8.123766666666667
SEI-026,245,2,praomys_spp,rodent,31,105,133,26,19,39,female,na,na,open,visible,3,0,y,NA,1,yes,2020-12-06,5,seilama,seilama_1_2_5_245,NA,NA,NA,NA,praomys,muridae,Forest/fallow land,by_ant_hill,rain,-11.19755,8.123983333333333,Forest/fallow land,by_ant_hill,rain,-11.19755,8.123983333333333
SEI-027,252,1,mus_spp,rodent,10,69,47,17,13,26,female,na,na,open,visible,3,2,y,NA,1,yes,2020-12-06,6,seilama,seilama_1_1_6_252,NA,NA,NA,NA,mus_spp,mus_spp,Village,low_grass,rain,-11.19395,8.1222,Village,low_grass,rain,-11.19395,8.1222
SEI-028,50,3,lophuromys_spp,rodent,60,123,63,23,16,33,male,outside,developed,na,na,NA,NA,y,NA,1,yes,2020-12-07,2,seilama,seilama_1_3_2_50,NA,NA,NA,NA,lophuromys,muridae,Distal agriculture,"by_tree, leaf_litter, edge",dry,-11.194216666666666,8.122916666666667,Distal agriculture,"by_tree, leaf_litter, edge",dry,-11.194216666666666,8.122916666666667
SEI-029,74,3,mastomys_spp,rodent,58,122,113,24,18,36,male,outside,developed,na,na,NA,NA,y,NA,1,yes,2020-12-07,2,seilama,seilama_1_3_2_74,NA,NA,NA,NA,mastomys,muridae,Distal agriculture,"leaf_litter, open",dry,-11.194266666666667,8.123266666666666,Distal agriculture,"leaf_litter, open",dry,-11.194266666666667,8.123266666666666
SEI-030,96,3,hylomyscus_spp,rodent,13,78,95,18,16,29,male,outside,developed,na,na,NA,NA,y,NA,1,yes,2020-12-07,2,seilama,seilama_1_3_2_96,NA,NA,NA,NA,hylomyscus,muridae,Distal agriculture,thick_bush,dry,-11.194133333333333,8.123533333333333,Distal agriculture,thick_bush,dry,-11.194133333333333,8.123533333333333
SEI-031,148,3,lophuromys_spp,rodent,63,127,NA,23,17,38,male,outside,not_noted,na,na,NA,NA,y,no_tail,1,yes,2020-12-07,4,seilama,seilama_1_3_4_148,NA,NA,NA,NA,lophuromys,muridae,Distal agriculture,"thick_bush, edge, marsh",dry,-11.19435,8.12075,Distal agriculture,"thick_bush, edge, marsh",dry,-11.19435,8.12075
SEI-032,167,3,lophuromys_spp,rodent,58,124,58,23,17,37,male,outside,developed,na,na,NA,NA,y,NA,1,yes,2020-12-07,4,seilama,seilama_1_3_4_167,NA,NA,NA,NA,lophuromys,muridae,Distal agriculture,thick_bush,dry,-11.194433333333333,8.120516666666667,Distal agriculture,thick_bush,dry,-11.194433333333333,8.120516666666667
SEI-033,191,3,praomys_spp,rodent,24,98,108,26,17,32,male,outside,not_noted,na,na,NA,NA,y,NA,1,yes,2020-12-07,4,seilama,seilama_1_3_4_191,NA,NA,NA,NA,praomys,muridae,Distal agriculture,"thick_bush, marsh, edge",dry,-11.1938,8.120716666666667,Distal agriculture,"thick_bush, marsh, edge",dry,-11.1938,8.120716666666667
SEI-034,225,3,hylomyscus_spp,rodent,21,83,118,18,16,27,female,na,na,open,visible,3,3,y,NA,1,yes,2020-12-07,5,seilama,seilama_1_3_5_225,NA,NA,NA,NA,hylomyscus,muridae,Forest/fallow land,leaf_litter,dry,-11.19765,8.1237,Forest/fallow land,leaf_litter,dry,-11.19765,8.1237
SEI-035,243,3,hybomys_spp,rodent,24,95,77,33,18,33,male,outside,undeveloped,na,na,NA,NA,y,NA,1,yes,2020-12-07,5,seilama,seilama_1_3_5_243,NA,NA,NA,NA,hybomys,muridae,Forest/fallow land,by_tree,dry,-11.197616666666667,8.124,Forest/fallow land,by_tree,dry,-11.197616666666667,8.124
SEI-036,1,4,mastomys_spp,rodent,39,113,98,24,18,29,male,outside,developed,na,na,NA,NA,y,NA,1,yes,2020-12-08,1,seilama,seilama_1_4_1_1,NA,NA,NA,NA,mastomys,muridae,Proximal agriculture,"by_palm_tree, by_road, by_path",dry,-11.19215,8.122966666666667,Proximal agriculture,"by_palm_tree, by_road, by_path",dry,-11.19215,8.122966666666667
SEI-037,136,4,rattus_spp,rodent,28,103,118,29,19,33,female,na,na,not_open,barely_visible,0,0,y,NA,1,yes,2020-12-08,3,seilama,seilama_1_4_3_136,NA,NA,NA,NA,rattus,muridae,Distal agriculture,farmhouse,dry,-11.194633333333334,8.124116666666668,Distal agriculture,farmhouse,dry,-11.194633333333334,8.124116666666668
SEI-038,176,4,crocidura_spp,shrew,29,121,79,19,9,35,male,inside,not_noted,na,na,NA,NA,y,NA,1,yes,2020-12-08,4,seilama,seilama_1_4_4_176,NA,NA,NA,NA,crocidura,soricidae,Distal agriculture,"by_fallen_log, by_path, edge, marsh",dry,-11.194183333333333,8.120566666666667,Distal agriculture,"by_fallen_log, by_path, edge, marsh",dry,-11.194183333333333,8.120566666666667
SEI-039,193,4,praomys_spp,rodent,43,113,138,27,19,45,female,na,na,open,visible,3,0,y,NA,1,yes,2020-12-08,4,seilama,seilama_1_4_4_193,NA,NA,NA,NA,praomys,muridae,Distal agriculture,"thick_bush, marsh, edge",dry,-11.193716666666667,8.120783333333334,Distal agriculture,"thick_bush, marsh, edge",dry,-11.193716666666667,8.120783333333334
SEI-040,245,4,praomys_spp,rodent,43,117,143,27,20,35,female,na,na,not_open,visible,3,2,y,NA,1,yes,2020-12-08,5,seilama,seilama_1_4_5_245,NA,NA,NA,NA,praomys,muridae,Forest/fallow land,by_ant_hill,dry,-11.19755,8.123983333333333,Forest/fallow land,by_ant_hill,dry,-11.19755,8.123983333333333
SEI-041,271,4,crocidura_spp,shrew,15,93,54,17,8,33,female,na,na,not_open,visible,2,0,y,NA,1,yes,2020-12-08,6,seilama,seilama_1_4_6_271,NA,NA,NA,NA,crocidura,soricidae,Village,cacao_nursery,dry,-11.193783333333334,8.122983333333334,Village,cacao_nursery,dry,-11.193783333333334,8.122983333333334
SEI-042,276,4,rattus_spp,rodent,105,149,188,37,24,42,female,na,na,open,visible,5,8,y,NA,1,yes,2020-12-08,6,seilama,seilama_1_4_6_276,NA,NA,NA,NA,rattus,muridae,Village,by_house,dry,-11.193516666666667,8.1227,Village,by_house,dry,-11.193516666666667,8.1227
SEI-043,251,4,mastomys_spp,rodent,38,116,99,24,17,33,male,outside,developed,na,na,NA,NA,y,NA,1,yes,2020-12-08,6,seilama,seilama_1_4_6_251,NA,NA,NA,NA,mastomys,muridae,Village,low_grass,dry,-11.193983333333334,8.12215,Village,low_grass,dry,-11.193983333333334,8.12215
2-LAL-4001,194,1,crocidura_spp,shrew,20,110,60,17,7,29,male,outside,not_noted,na,na,NA,NA,y,NA,2,no,2021-04-03,4,lalehun,lalehun_2_1_4_194,NA,NA,NA,NA,crocidura,soricidae,Forest/fallow land,NA,dry,-11.0781,8.194466666666667,Forest/fallow land,NA,dry,-11.0781,8.194466666666667
2-LAL-4002,191,1,crocidura_spp,shrew,NA,80,62,15,5,22,male,outside,not_noted,na,na,NA,NA,n,NA,2,no,2021-04-03,4,lalehun,lalehun_2_1_4_191,NA,NA,NA,NA,crocidura,soricidae,Forest/fallow land,NA,dry,-11.078233333333333,8.194466666666667,Forest/fallow land,NA,dry,-11.078233333333333,8.194466666666667
2-LAL-6003,296,1,rattus_spp,rodent,52,135,160,3,20,39,male,inside,developed,na,na,NA,NA,y,NA,2,no,2021-04-03,6,lalehun,lalehun_2_1_6_296,NA,NA,NA,NA,rattus,muridae,Village,NA,dry,-11.081016666666667,8.197715,Village,NA,dry,-11.081016666666667,8.197715
2-LAL-2004,96,2,mus_spp,rodent,15,80,60,15,15,22,male,outside,developed,na,na,NA,NA,y,NA,2,no,2021-04-03,2,lalehun,lalehun_2_2_2_96,NA,NA,NA,NA,mus_spp,mus_spp,Proximal agriculture,NA,dry,-11.078783333333334,8.198733333333333,Proximal agriculture,NA,dry,-11.078783333333334,8.198733333333333
2-LAL-3005,106,2,crocidura_spp,shrew,21,115,89,19,8,NA,male,inside,undeveloped,na,na,NA,NA,y,NA,2,no,2021-04-04,3,lalehun,lalehun_2_2_3_106,NA,NA,NA,NA,crocidura,soricidae,Proximal agriculture,NA,dry,-11.0803,8.199233333333334,Proximal agriculture,NA,dry,-11.0803,8.199233333333334
2-LAL-4006,174,3,mus_spp,rodent,11,78,49,14,10,22,female,na,na,not_recorded,not_recorded,0,0,y,NA,2,no,2021-04-05,4,lalehun,lalehun_2_3_4_174,NA,NA,NA,NA,mus_spp,mus_spp,Forest/fallow land,NA,dry,-11.07815,8.194333333333333,Forest/fallow land,NA,dry,-11.07815,8.194333333333333
2-LAL-6007,308,3,mastomys_spp,rodent,13,87,98,70,15,22,female,na,na,not_open,barely_visible,0,0,y,NA,2,no,2021-04-05,6,lalehun,lalehun_2_3_6_308,NA,NA,NA,NA,mastomys,muridae,Village,NA,dry,-11.08065,8.198103333333334,Village,NA,dry,-11.08065,8.198103333333334
2-LAL-2008,52,4,mus_spp,rodent,12,75,58,16,11,25,male,outside,developed,na,na,NA,NA,y,NA,2,no,2021-04-06,2,lalehun,lalehun_2_4_2_52,NA,NA,NA,NA,mus_spp,mus_spp,Proximal agriculture,NA,dry,-11.079516666666667,8.198716666666666,Proximal agriculture,NA,dry,-11.079516666666667,8.198716666666666
2-LAL-2009,76,4,crocidura_spp,shrew,11,84,60,15,5,25,female,na,na,not_open,barely_visible,0,0,y,NA,2,no,2021-04-06,2,lalehun,lalehun_2_4_2_76,NA,NA,NA,NA,crocidura,soricidae,Proximal agriculture,NA,dry,-11.0791,8.198716666666666,Proximal agriculture,NA,dry,-11.0791,8.198716666666666
2-LAL-2010,92,4,crocidura_spp,shrew,15,90,54,15,7,26,female,na,na,not_recorded,not_recorded,0,0,y,NA,2,no,2021-04-06,2,lalehun,lalehun_2_4_2_92,NA,NA,NA,NA,crocidura,soricidae,Proximal agriculture,NA,dry,-11.078883333333334,8.198983333333333,Proximal agriculture,NA,dry,-11.078883333333334,8.198983333333333
2-LAL-3011,114,4,crocidura_spp,shrew,32,135,70,18,10,35,female,na,na,open,visible,NA,0,y,NA,2,yes,2021-04-06,3,lalehun,lalehun_2_4_3_114,NA,NA,NA,NA,crocidura,soricidae,Proximal agriculture,NA,dry,-11.08035,8.1989,Proximal agriculture,NA,dry,-11.08035,8.1989
2-LAL-4012,127,4,malacomys_spp,rodent,40,118,165,31,23,35,male,outside,developed,na,na,NA,NA,y,NA,2,yes,2021-04-06,3,lalehun,lalehun_2_4_3_127,NA,NA,NA,NA,malacomys_spp,malacomys_spp,Proximal agriculture,NA,dry,-11.080616666666666,8.1989,Proximal agriculture,NA,dry,-11.080616666666666,8.1989
2-LAL-4013,138,4,mastomys_spp,rodent,46,119,120,22,19,31,male,outside,developed,na,na,NA,NA,y,NA,2,yes,2021-04-06,3,lalehun,lalehun_2_4_3_138,NA,NA,NA,NA,mastomys,muridae,Proximal agriculture,NA,dry,-11.080533333333333,8.1993,Proximal agriculture,NA,dry,-11.080533333333333,8.1993
2-LAL-4014,190,4,mus_spp,rodent,6,55,46,14,9,NA,male,inside,undeveloped,na,na,NA,NA,y,NA,2,yes,2021-04-06,4,lalehun,lalehun_2_4_4_190,NA,NA,NA,NA,mus_spp,mus_spp,Forest/fallow land,NA,dry,-11.078333333333333,8.194466666666667,Forest/fallow land,NA,dry,-11.078333333333333,8.194466666666667
2-LAL-5015,205,4,mus_spp,rodent,15,80,57,15,12,20,female,na,na,not_open,visible,NA,0,NA,NA,2,no,2021-04-06,5,lalehun,lalehun_2_4_5_205,NA,NA,NA,NA,mus_spp,mus_spp,Distal agriculture,NA,dry,-11.080166666666667,8.19395,Distal agriculture,NA,dry,-11.080166666666667,8.19395
2-LAL-6016,293,4,rattus_spp,rodent,60,145,167,30,20,36,male,outside,developed,na,na,NA,NA,y,NA,2,yes,2021-04-06,6,lalehun,lalehun_2_4_6_293,NA,NA,NA,NA,rattus,muridae,Village,NA,dry,-11.081016666666667,8.197715,Village,NA,dry,-11.081016666666667,8.197715
2-SEI-1001,35,1,mus_spp,rodent,12,74,60,15,10,20,female,na,na,open,visible,4,NA,y,NA,2,yes,2021-04-13,1,seilama,seilama_2_1_1_35,NA,NA,NA,NA,mus_spp,mus_spp,Proximal agriculture,NA,dry,-11.192543333333333,8.122465,Proximal agriculture,NA,dry,-11.192543333333333,8.122465
2-SEI-1002,46,1,mastomys_spp,rodent,60,134,122,24,20,35,male,outside,developed,na,na,NA,NA,y,NA,2,yes,2021-04-13,1,seilama,seilama_2_1_1_46,NA,NA,NA,NA,mastomys,muridae,Proximal agriculture,NA,dry,-11.19266,8.122218333333333,Proximal agriculture,NA,dry,-11.19266,8.122218333333333
2-SEI-7003,74,1,rattus_spp,rodent,75,160,174,30,22,40,male,outside,not_noted,na,na,NA,NA,y,NA,2,yes,2021-04-13,7,seilama,seilama_2_1_7_74,NA,NA,NA,NA,rattus,muridae,Village,NA,dry,-11.193775,8.122558333333334,Village,NA,dry,-11.193775,8.122558333333334
2-SEI-7004,87,1,mastomys_spp,rodent,80,140,125,25,19,32,female,na,na,open,visible,9,6,y,NA,2,yes,2021-04-13,7,seilama,seilama_2_1_7_87,NA,NA,NA,NA,mastomys,muridae,Village,NA,dry,-11.193606666666666,8.122768333333333,Village,NA,dry,-11.193606666666666,8.122768333333333
2-SEI-7005,89,1,mastomys_spp,rodent,52,111,104,22,17,25,female,na,na,open,visible,10,6,y,NA,2,yes,2021-04-13,7,seilama,seilama_2_1_7_89,NA,NA,NA,NA,mastomys,muridae,Village,NA,dry,-11.193606666666666,8.122768333333333,Village,NA,dry,-11.193606666666666,8.122768333333333
2-SEI-7007,98,1,mastomys_spp,rodent,66,130,129,22,18,30,male,outside,developed,na,na,NA,NA,y,NA,2,yes,2021-04-13,7,seilama,seilama_2_1_7_98,NA,NA,NA,NA,mastomys,muridae,Village,NA,dry,-11.193553333333334,8.122383333333334,Village,NA,dry,-11.193553333333334,8.122383333333334
2-SEI-4006,114,1,crocidura_spp,shrew,22,110,74,18,8,35,female,na,na,not_open,barely_visible,NA,0,y,NA,2,yes,2021-04-13,4,seilama,seilama_2_1_4_114,NA,NA,NA,NA,crocidura,soricidae,Distal agriculture,fallow_land,dry,-11.194616666666667,8.120733333333334,Distal agriculture,fallow_land,dry,-11.194616666666667,8.120733333333334
2-SEI-4008,127,1,crocidura_spp,shrew,12,85,66,15,6,25,female,na,na,not_open,barely_visible,NA,0,y,NA,2,yes,2021-04-13,4,seilama,seilama_2_1_4_127,NA,NA,NA,NA,crocidura,soricidae,Distal agriculture,by_shrubs,dry,-11.194483333333334,8.120516666666667,Distal agriculture,by_shrubs,dry,-11.194483333333334,8.120516666666667
2-SEI-4009,128,1,crocidura_spp,shrew,15,74,60,15,6,NA,female,na,na,not_open,barely_visible,NA,0,y,NA,2,yes,2021-04-13,4,seilama,seilama_2_1_4_128,NA,NA,NA,NA,crocidura,soricidae,Distal agriculture,by_shrubs,dry,-11.194533333333334,8.1205,Distal agriculture,by_shrubs,dry,-11.194533333333334,8.1205
2-SEI-2010,156,1,praomys_spp,rodent,46,117,136,24,18,38,female,na,na,open,barely_visible,3,0,y,NA,2,yes,2021-04-13,2,seilama,seilama_2_1_2_156,NA,NA,NA,NA,praomys,muridae,Proximal agriculture,by_coffee,dry,-11.194483333333334,8.1229,Proximal agriculture,by_coffee,dry,-11.194483333333334,8.1229
2-SEI-2011,174,1,praomys_spp,rodent,50,128,99,22,17,35,male,outside,developed,na,na,NA,NA,y,NA,2,yes,2021-04-13,2,seilama,seilama_2_1_2_174,NA,NA,NA,NA,praomys,muridae,Proximal agriculture,NA,dry,-11.194466666666667,8.12285,Proximal agriculture,NA,dry,-11.194466666666667,8.12285
2-SEI-2012,180,1,praomys_spp,rodent,25,99,104,20,16,30,female,na,na,not_open,barely_visible,NA,0,y,NA,2,yes,2021-04-13,2,seilama,seilama_2_1_2_180,NA,NA,NA,NA,praomys,muridae,Proximal agriculture,by_banana_tree,dry,-11.19415,8.12325,Proximal agriculture,by_banana_tree,dry,-11.19415,8.12325
2-SEI-2013,182,1,lophuromys_spp,rodent,58,135,NA,25,18,40,female,na,na,open,visible,3,0,y,broken_tail,2,yes,2021-04-13,2,seilama,seilama_2_1_2_182,NA,NA,NA,NA,lophuromys,muridae,Proximal agriculture,on_leaves,dry,-11.1943,8.123283333333333,Proximal agriculture,on_leaves,dry,-11.1943,8.123283333333333
2-SEI-2014,186,1,crocidura_spp,shrew,22,100,65,14,8,30,female,na,na,open,visible,4,0,y,NA,2,yes,2021-04-13,2,seilama,seilama_2_1_2_186,NA,NA,NA,NA,crocidura,soricidae,Proximal agriculture,by_cacao,dry,-11.194066666666666,8.1233,Proximal agriculture,by_cacao,dry,-11.194066666666666,8.1233
2-SEI-3015,201,1,mastomys_spp,rodent,52,130,120,25,18,35,male,outside,developed,na,na,NA,NA,y,NA,2,yes,2021-04-13,3,seilama,seilama_2_1_3_201,NA,NA,NA,NA,mastomys,muridae,Proximal agriculture,NA,dry,-11.194316666666667,8.123916666666666,Proximal agriculture,NA,dry,-11.194316666666667,8.123916666666666
2-SEI-3016,215,1,mastomys_spp,rodent,48,109,119,22,16,30,female,na,na,not_open,barely_visible,NA,0,y,NA,2,yes,2021-04-13,3,seilama,seilama_2_1_3_215,NA,NA,NA,NA,mastomys,muridae,Proximal agriculture,NA,dry,-11.194416666666667,8.12385,Proximal agriculture,NA,dry,-11.194416666666667,8.12385
2-SEI-3017,225,1,mastomys_spp,rodent,35,115,119,22,16,29,male,outside,undeveloped,na,na,NA,NA,y,NA,2,yes,2021-04-13,3,seilama,seilama_2_1_3_225,NA,NA,NA,NA,mastomys,muridae,Proximal agriculture,NA,dry,-11.19455,8.124083333333333,Proximal agriculture,NA,dry,-11.19455,8.124083333333333
2-SEI-3018,232,2,mastomys_spp,rodent,40,105,110,24,16,29,male,outside,developed,NA,NA,NA,NA,y,NA,2,yes,2021-04-14,3,seilama,seilama_2_2_3_232,NA,NA,NA,NA,mastomys,muridae,Proximal agriculture,NA,dry,-11.194633333333334,8.124083333333333,Proximal agriculture,NA,dry,-11.194633333333334,8.124083333333333
2-SEI-3019,265,2,mastomys_spp,rodent,65,125,105,26,16,30,male,outside,developed,NA,NA,NA,NA,y,NA,2,yes,2021-04-14,3,seilama,seilama_2_2_3_265,NA,NA,NA,NA,mastomys,muridae,Proximal agriculture,NA,dry,-11.194683333333334,8.124283333333333,Proximal agriculture,NA,dry,-11.194683333333334,8.124283333333333
2-SEI-3020,268,2,mastomys_spp,rodent,48,120,115,24,18,31,female,NA,NA,not_open,not_noted,NA,0,y,NA,2,yes,2021-04-14,3,seilama,seilama_2_2_3_268,NA,NA,NA,NA,mastomys,muridae,Proximal agriculture,NA,dry,-11.194533333333334,8.124383333333334,Proximal agriculture,NA,dry,-11.194533333333334,8.124383333333334
2-SEI-5021,272,2,crocidura_spp,shrew,22,105,82,20,10,NA,female,NA,NA,not_open,not_noted,NA,0,y,NA,2,yes,2021-04-14,5,seilama,seilama_2_2_5_272,NA,NA,NA,NA,crocidura,soricidae,Forest/fallow land,on_leaves,dry,-11.198066666666668,8.1237,Forest/fallow land,on_leaves,dry,-11.198066666666668,8.1237
2-SEI-5022,292,2,praomys_spp,rodent,22,95,111,22,19,28,male,outside,undeveloped,NA,NA,NA,NA,y,NA,2,yes,2021-04-14,5,seilama,seilama_2_2_5_292,NA,NA,NA,NA,praomys,muridae,Forest/fallow land,NA,dry,-11.19795,8.123866666666666,Forest/fallow land,NA,dry,-11.19795,8.123866666666666
2-SEI-5023,296,2,praomys_spp,rodent,39,110,135,22,16,26,female,NA,NA,open,visible,3,0,y,NA,2,yes,2021-04-14,5,seilama,seilama_2_2_5_296,NA,NA,NA,NA,praomys,muridae,Forest/fallow land,NA,dry,-11.19775,8.1238,Forest/fallow land,NA,dry,-11.19775,8.1238
2-SEI-1024,5,2,mus_spp,rodent,11,70,69,15,10,21,female,NA,NA,not_open,NA,NA,NA,NA,NA,2,no,2021-04-14,1,seilama,seilama_2_2_1_5,NA,NA,NA,NA,mus_spp,mus_spp,Proximal agriculture,NA,dry,-11.192016666666667,8.122331666666666,Proximal agriculture,NA,dry,-11.192016666666667,8.122331666666666
2-SEI-1025,11,2,mastomys_spp,rodent,43,107,119,17,17,29,male,outside,undeveloped,NA,NA,NA,NA,y,NA,2,yes,2021-04-14,1,seilama,seilama_2_2_1_11,NA,NA,NA,NA,mastomys,muridae,Proximal agriculture,NA,dry,-11.192161666666667,8.122283333333334,Proximal agriculture,NA,dry,-11.192161666666667,8.122283333333334
2-SEI-1026,19,2,praomys_spp,rodent,58,125,160,26,20,36,male,outside,developed,NA,NA,NA,NA,y,NA,2,yes,2021-04-14,1,seilama,seilama_2_2_1_19,NA,NA,NA,NA,praomys,muridae,Proximal agriculture,NA,dry,-11.19225,8.122358333333333,Proximal agriculture,NA,dry,-11.19225,8.122358333333333
2-SEI-1027,22,2,mastomys_spp,rodent,35,104,105,22,17,28,male,outside,developed,NA,NA,NA,NA,y,NA,2,yes,2021-04-14,1,seilama,seilama_2_2_1_22,NA,NA,NA,NA,mastomys,muridae,Proximal agriculture,NA,dry,-11.192275,8.122515,Proximal agriculture,NA,dry,-11.192275,8.122515
2-SEI-1028,43,2,mus_spp,rodent,9,68,50,12,9,20,female,NA,NA,not_open,visible,2,0,y,NA,2,yes,2021-04-14,1,seilama,seilama_2_2_1_43,NA,NA,NA,NA,mus_spp,mus_spp,Proximal agriculture,NA,dry,-11.192583333333333,8.122045,Proximal agriculture,NA,dry,-11.192583333333333,8.122045
2-SEI-7029,67,2,mastomys_spp,rodent,55,121,112,24,17,30,male,outside,developed,NA,NA,NA,NA,y,NA,2,yes,2021-04-14,7,seilama,seilama_2_2_7_67,NA,NA,NA,NA,mastomys,muridae,Village,NA,dry,-11.193683333333333,8.122118333333333,Village,NA,dry,-11.193683333333333,8.122118333333333
2-SEI-7030,69,2,mastomys_spp,rodent,35,101,119,24,16,25,female,NA,NA,open,visible,10,0,y,NA,2,yes,2021-04-14,7,seilama,seilama_2_2_7_69,NA,NA,NA,NA,mastomys,muridae,Village,NA,dry,-11.193683333333333,8.122118333333333,Village,NA,dry,-11.193683333333333,8.122118333333333
2-SEI-7031,86,3,mastomys_spp,rodent,40,114,115,25,18,32,male,outside,developed,NA,NA,NA,NA,y,NA,2,yes,2021-04-15,7,seilama,seilama_2_3_7_86,NA,NA,NA,NA,mastomys,muridae,Village,NA,dry,-11.193606666666666,8.122768333333333,Village,NA,dry,-11.193606666666666,8.122768333333333
2-SEI-7032,87,3,mastomys_spp,rodent,80,140,139,25,20,34,male,outside,developed,NA,NA,NA,NA,y,NA,2,yes,2021-04-15,7,seilama,seilama_2_3_7_87,NA,NA,NA,NA,mastomys,muridae,Village,NA,dry,-11.193606666666666,8.122768333333333,Village,NA,dry,-11.193606666666666,8.122768333333333
2-SEI-3033,126,3,mastomys_spp,rodent,33,99,102,24,15,27,female,NA,NA,not_open,visible,0,0,y,NA,2,yes,2021-04-15,4,seilama,seilama_2_3_4_126,NA,NA,NA,NA,mastomys,muridae,Distal agriculture,NA,dry,-11.1944,8.120516666666667,Distal agriculture,NA,dry,-11.1944,8.120516666666667
2-SEI-4034,139,3,lemniscomys_spp,rodent,45,117,120,25,15,29,female,NA,NA,open,visible,4,0,y,NA,2,yes,2021-04-15,4,seilama,seilama_2_3_4_139,NA,NA,NA,NA,lemniscomys,muridae,Distal agriculture,marshland,dry,-11.194333333333333,8.120416666666667,Distal agriculture,marshland,dry,-11.194333333333333,8.120416666666667
2-SEI-4035,140,3,mastomys_spp,rodent,27,98,100,24,15,25,female,NA,NA,open,visible,10,0,y,NA,2,yes,2021-04-15,4,seilama,seilama_2_3_4_140,NA,NA,NA,NA,mastomys,muridae,Distal agriculture,marshland,dry,-11.1944,8.120383333333333,Distal agriculture,marshland,dry,-11.1944,8.120383333333333
2-SEI-2036,153,3,crocidura_spp,shrew,12,94,60,14,6,19,female,NA,NA,not_open,not_noted,NA,0,y,NA,2,yes,2021-04-15,2,seilama,seilama_2_3_2_153,NA,NA,NA,NA,crocidura,soricidae,Proximal agriculture,by_cacao,dry,-11.194333333333333,8.1229,Proximal agriculture,by_cacao,dry,-11.194333333333333,8.1229
2-SEI-2037,193,3,praomys_spp,rodent,48,125,142,22,20,32,female,NA,NA,open,visible,3,0,y,NA,2,yes,2021-04-15,2,seilama,seilama_2_3_2_193,NA,NA,NA,NA,praomys,muridae,Proximal agriculture,NA,dry,-11.194033333333334,8.1233,Proximal agriculture,NA,dry,-11.194033333333334,8.1233
2-SEI-2038,194,3,mastomys_spp,rodent,33,103,102,24,18,28,female,NA,NA,open,visible,10,0,y,NA,2,yes,2021-04-15,2,seilama,seilama_2_3_2_194,NA,NA,NA,NA,mastomys,muridae,Proximal agriculture,NA,dry,-11.194033333333334,8.123366666666668,Proximal agriculture,NA,dry,-11.194033333333334,8.123366666666668
2-SEI-3039,219,3,mastomys_spp,rodent,56,125,125,24,17,30,male,outside,developed,NA,NA,NA,NA,y,NA,2,yes,2021-04-15,3,seilama,seilama_2_3_3_219,NA,NA,NA,NA,mastomys,muridae,Proximal agriculture,NA,dry,-11.194533333333334,8.124183333333333,Proximal agriculture,NA,dry,-11.194533333333334,8.124183333333333
2-SEI-3040,226,3,mastomys_spp,rodent,45,112,117,22,16,30,female,NA,NA,open,visible,10,0,y,NA,2,yes,2021-04-15,3,seilama,seilama_2_3_3_226,NA,NA,NA,NA,mastomys,muridae,Proximal agriculture,NA,dry,-11.1946,8.124183333333333,Proximal agriculture,NA,dry,-11.1946,8.124183333333333
2-SEI-5041,306,3,praomys_spp,rodent,40,109,130,22,19,25,female,NA,NA,open,visible,3,4,y,NA,2,yes,2021-04-15,5,seilama,seilama_2_3_5_306,NA,NA,NA,NA,praomys,muridae,Forest/fallow land,NA,dry,-11.197816666666666,8.123966666666666,Forest/fallow land,NA,dry,-11.197816666666666,8.123966666666666
2-SEI-1042,26,4,praomys_spp,rodent,32,107,122,22,18,26,male,outside,undeveloped,NA,NA,NA,NA,y,NA,2,yes,2021-04-16,1,seilama,seilama_2_4_1_26,NA,NA,NA,NA,praomys,muridae,Proximal agriculture,NA,dry,-11.192346666666667,8.122258333333333,Proximal agriculture,NA,dry,-11.192346666666667,8.122258333333333
2-SEI-1043,47,4,praomys_spp,rodent,41,122,142,25,19,30,female,NA,NA,not_recorded,visible,3,0,y,NA,2,yes,2021-04-16,1,seilama,seilama_2_4_1_47,NA,NA,NA,NA,praomys,muridae,Proximal agriculture,NA,dry,-11.192676666666667,8.122283333333334,Proximal agriculture,NA,dry,-11.192676666666667,8.122283333333334
2-SEI-7044,66,4,mastomys_spp,rodent,30,104,105,24,17,27,female,NA,NA,not_recorded,visible,10,0,y,NA,2,yes,2021-04-16,7,seilama,seilama_2_4_7_66,NA,NA,NA,NA,mastomys,muridae,Village,NA,dry,-11.193683333333333,8.122118333333333,Village,NA,dry,-11.193683333333333,8.122118333333333
2-SEI-7045,67,4,mastomys_spp,rodent,60,127,125,24,18,35,female,NA,NA,open,visible,10,0,y,NA,2,yes,2021-04-16,7,seilama,seilama_2_4_7_67,NA,NA,NA,NA,mastomys,muridae,Village,NA,dry,-11.193683333333333,8.122118333333333,Village,NA,dry,-11.193683333333333,8.122118333333333
2-SEI-7046,82,4,rattus_spp,rodent,55,130,165,30,20,32,male,outside,not_noted,NA,NA,NA,NA,y,NA,2,yes,2021-04-16,7,seilama,seilama_2_4_7_82,NA,NA,NA,NA,rattus,muridae,Village,NA,dry,-11.193583333333333,8.12283,Village,NA,dry,-11.193583333333333,8.12283
2-SEI-4047,101,4,lophuromys_spp,rodent,60,130,80,20,15,NA,male,outside,developed,NA,NA,NA,NA,y,NA,2,yes,2021-04-16,4,seilama,seilama_2_4_4_101,NA,NA,NA,NA,lophuromys,muridae,Distal agriculture,fallow_land,dry,-11.194316666666667,8.120766666666666,Distal agriculture,fallow_land,dry,-11.194316666666667,8.120766666666666
2-SEI-4048,108,4,lophuromys_spp,rodent,60,125,67,20,15,30,male,outside,developed,NA,NA,NA,NA,y,NA,2,yes,2021-04-16,4,seilama,seilama_2_4_4_108,NA,NA,NA,NA,lophuromys,muridae,Distal agriculture,fallen_log,dry,-11.194266666666667,8.120716666666667,Distal agriculture,fallen_log,dry,-11.194266666666667,8.120716666666667
2-SEI-2049,187,4,mus_spp,rodent,10,70,62,15,10,20,male,not_noted,not_noted,NA,NA,NA,NA,y,NA,2,yes,2021-04-16,2,seilama,seilama_2_4_2_187,NA,NA,NA,NA,mus_spp,mus_spp,Proximal agriculture,by_coffee,dry,-11.1941,8.123266666666666,Proximal agriculture,by_coffee,dry,-11.1941,8.123266666666666
2-SEI-2050,195,4,mus_spp,rodent,10,74,55,14,11,20,female,NA,NA,open,visible,2,0,y,NA,2,yes,2021-04-16,2,seilama,seilama_2_4_2_195,NA,NA,NA,NA,mus_spp,mus_spp,Proximal agriculture,NA,dry,-11.194116666666666,8.123366666666668,Proximal agriculture,NA,dry,-11.194116666666666,8.123366666666668
2-SEI-3051,223,4,mastomys_spp,rodent,21,94,89,20,14,25,male,inside,undeveloped,NA,NA,NA,NA,y,NA,2,yes,2021-04-16,3,seilama,seilama_2_4_3_223,NA,NA,NA,NA,mastomys,muridae,Proximal agriculture,NA,dry,-11.1945,8.123883333333334,Proximal agriculture,NA,dry,-11.1945,8.123883333333334
2-SEI-3052,270,4,mastomys_spp,rodent,60,125,125,25,18,30,male,outside,developed,NA,NA,NA,NA,y,NA,2,yes,2021-04-16,3,seilama,seilama_2_4_3_270,NA,NA,NA,NA,mastomys,muridae,Proximal agriculture,NA,dry,-11.194416666666667,8.1243,Proximal agriculture,NA,dry,-11.194416666666667,8.1243
2-SEI-5053,284,4,hybomys_spp,rodent,46,120,90,25,15,35,female,NA,NA,open,visible,4,0,y,NA,2,yes,2021-04-16,5,seilama,seilama_2_4_5_284,NA,NA,NA,NA,hybomys,muridae,Forest/fallow land,NA,dry,-11.197816666666666,8.123566666666667,Forest/fallow land,NA,dry,-11.197816666666666,8.123566666666667
2-SEI-5054,293,4,praomys_spp,rodent,45,120,147,25,20,29,male,outside,developed,NA,NA,NA,NA,y,NA,2,yes,2021-04-16,5,seilama,seilama_2_4_5_293,NA,NA,NA,NA,praomys,muridae,Forest/fallow land,NA,dry,-11.197916666666666,8.12385,Forest/fallow land,NA,dry,-11.197916666666666,8.12385
2-SEI-5055,296,4,crocidura_spp,shrew,20,104,64,15,7,30,female,NA,NA,not_open,barely_visible,0,0,y,NA,2,yes,2021-04-16,5,seilama,seilama_2_4_5_296,NA,NA,NA,NA,crocidura,soricidae,Forest/fallow land,NA,dry,-11.19775,8.1238,Forest/fallow land,NA,dry,-11.19775,8.1238
2-SEI-5056,305,4,hybomys_spp,rodent,28,97,89,28,15,32,male,outside,developed,NA,NA,NA,NA,y,NA,2,no,2021-04-16,5,seilama,seilama_2_4_5_305,NA,NA,NA,NA,hybomys,muridae,Forest/fallow land,NA,dry,-11.19755,8.123816666666666,Forest/fallow land,NA,dry,-11.19755,8.123816666666666
1-BAI-1002,22,2,proamys_spp,NA,46,102,132,26,19,35,female,NA,NA,yes,yes,4,3,no,NA,1,yes,2021-07-06,1,baiama,baiama_1_2_1_22,NA,NA,no,uuid:0acb5329-fbe5-4ea2-a2b6-b51e0df51955,proamys_spp,proamys_spp,Forest/fallow land,Bush tree,NA,-11.250125,7.82481,Forest/fallow land,Bush tree,NA,-11.250125,7.82481
1-BAI-4001,194,1,crocidura_spp,NA,21,84,60,15,8,23,male,internal,no,NA,NA,NA,NA,no,NA,1,no,2021-07-06,4,baiama,baiama_1_1_4_194,NA,NA,no,uuid:bef48975-6782-4abc-9b67-7e16fd4b9dc6,crocidura,soricidae,Distal agriculture,Bush,NA,-11.266438333333333,7.8365849999999995,Distal agriculture,Bush,NA,-11.266438333333333,7.8365849999999995
1-LAM-1006,44,4,crocidura_spp,NA,33,120,68,19,9,34,female,NA,NA,yes,yes,3,0,yes,NA,1,no,2021-07-02,1,lambayama,lambayama_1_4_1_44,1625227009797.jpg,1625227020579.jpg,no,uuid:d6b9caf1-643d-4668-be7e-eda0f6f9d7b1,crocidura,soricidae,Proximal agriculture,Rice plants marsh,NA,-11.194906666666666,7.851233333333333,Proximal agriculture,Rice plants marsh,NA,-11.194906666666666,7.851233333333333
1-LAM-3005,151,4,crocidura_spp,NA,34,99,70,18,10,30,female,NA,NA,yes,yes,3,3,yes,NA,1,no,2021-07-02,3,lambayama,lambayama_1_4_3_151,1625226494540.jpg,1625226510341.jpg,no,uuid:952bff1c-6cc0-409d-8113-4c59df93531b,crocidura,soricidae,NA,NA,NA,NA,NA,NA,NA,NA,NA,NA
1-LAM-1004,48,4,crocidura_spp,NA,33,127,176,18,11,40,female,NA,NA,yes,yes,3,0,yes,NA,1,no,2021-07-02,1,lambayama,lambayama_1_4_1_48,1625226008566.jpg,1625226025186.jpg,no,uuid:3c9697ea-0702-4f14-9f5d-3806fdcb142e,crocidura,soricidae,Proximal agriculture,Rice plants,NA,-11.194996666666666,7.851281666666667,Proximal agriculture,Rice plants,NA,-11.194996666666666,7.851281666666667
1-LAM-4003,188,1,crocidura_spp,NA,45,140,85,18,12,35,male,internal,yes,NA,NA,NA,NA,no,NA,1,yes,2021-06-30,4,lambayama,lambayama_1_1_4_188,NA,NA,no,uuid:f5740d48-cc5b-4a73-bd86-9df763a8d2dc,crocidura,soricidae,Forest/fallow land,Grass standing water,NA,-11.196895,7.849596666666667,Forest/fallow land,Grass standing water,NA,-11.196895,7.849596666666667
1-LAM-3002,110,1,crocidura_spp,NA,25,117,68,18,10,10,female,NA,NA,yes,yes,3,0,no,NA,1,yes,2021-06-30,3,lambayama,lambayama_1_1_3_110,NA,NA,no,uuid:b077a4c4-c9a5-4105-b81b-5340e1fa7abf,crocidura,soricidae,Forest/fallow land,Bush tree,NA,-11.192543333333333,7.849223333333334,Forest/fallow land,Bush tree,NA,-11.192543333333333,7.849223333333334
1-LAM-1001,13,1,crocidura_spp,NA,138,99,78,19,10,39,male,external,yes,NA,NA,NA,NA,no,NA,1,no,2021-06-30,1,lambayama,lambayama_1_1_1_13,NA,NA,no,uuid:d7585bac-7038-41e5-a5b2-f6ab2a74da41,crocidura,soricidae,Proximal agriculture,Edge marsh rice plants bush path,NA,-11.195513333333333,7.850633333333334,Proximal agriculture,Edge marsh rice plants bush path,NA,-11.195513333333333,7.850633333333334
1-BAM-2014,68,4,dasymys_spp,NA,64,129,116,25,19,32,male,external,yes,NA,NA,NA,NA,yes,NA,1,no,2021-06-27,2,bambawo,bambawo_1_4_2_68,1624807693955.jpg,1624807717724.jpg,no,uuid:9f248cd5-5886-42a3-81f2-78295c3df3c7,dasymys_spp,dasymys_spp,Distal agriculture,Rice plants path,NA,-11.140758333333334,8.009098333333334,Distal agriculture,Rice plants path,NA,-11.140758333333334,8.009098333333334
1-BAM-2013,64,4,dasymys_spp,NA,55,19,124,22,17,35,female,NA,NA,yes,yes,6,0,yes,NA,1,yes,2021-06-27,2,bambawo,bambawo_1_4_2_64,1624807202518.jpg,1624807216216.jpg,no,uuid:5a04ebf7-a2dd-4279-b221-0693e6ce912a,dasymys_spp,dasymys_spp,Distal agriculture,Rice plants fallen log,NA,-11.140683333333333,8.009168333333333,Distal agriculture,Rice plants fallen log,NA,-11.140683333333333,8.009168333333333
1-BAM-4012,132,4,lemniscomys_spp,NA,47,120,130,25,17,30,male,external,yes,NA,NA,NA,NA,yes,NA,1,yes,2021-06-27,4,bambawo,bambawo_1_4_4_132,1624806809560.jpg,1624806821452.jpg,no,uuid:51aec77d-b0fb-48fc-ba9d-6579eb6f80fa,lemniscomys,muridae,Proximal agriculture,Cassava plant,NA,-11.136823333333334,8.008806666666667,Proximal agriculture,Cassava plant,NA,-11.136823333333334,8.008806666666667
1-BAM-1011,2,4,mus_spp,NA,11,76,44,14,11,22,female,NA,NA,yes,yes,6,0,yes,NA,1,no,2021-06-27,1,bambawo,bambawo_1_4_1_2,1624806358849.jpg,1624806374253.jpg,no,uuid:a601bd84-a2b3-4c88-b907-f64fcdd3857e,mus_spp,mus_spp,Forest/fallow land,Bush house,NA,-11.142668333333333,8.00961,Forest/fallow land,Bush house,NA,-11.142668333333333,8.00961
1-BAM-3010,199,4,crocidura_spp,NA,20,117,76,19,11,33,male,internal,yes,NA,NA,NA,NA,yes,NA,1,yes,2021-06-27,3,bambawo,bambawo_1_4_3_199,1624805908841.jpg,1624805932019.jpg,no,uuid:a3a2b97a-c23d-402b-b36c-8d10ad6a5024,crocidura,soricidae,Forest/fallow land,Bush,NA,-11.143156666666666,8.011755,Forest/fallow land,Bush,NA,-11.143156666666666,8.011755
1-BAM-4009,203,4,lophuromys_spp,NA,69,125,70,22,16,30,female,NA,NA,yes,yes,4,2,no,NA,1,no,2021-06-27,4,bambawo,bambawo_1_4_4_203,NA,NA,no,uuid:460457f1-3cb1-4d47-a27d-16ed8082c4be,lophuromys,muridae,Proximal agriculture,Grass low plants,NA,-11.136505,8.008896666666667,Proximal agriculture,Grass low plants,NA,-11.136505,8.008896666666667
1-BAM-3008,183,3,mus_spp,NA,7,53,48,13,8,24,male,external,yes,NA,NA,NA,NA,no,NA,1,no,2021-06-26,3,bambawo,bambawo_1_3_3_183,1624710319333.jpg,NA,no,uuid:adf45df5-4320-4297-8f6a-d9e27b128f9a,mus_spp,mus_spp,Forest/fallow land,Low plants road,NA,-11.143136666666667,8.01152,Forest/fallow land,Low plants road,NA,-11.143136666666667,8.01152
1-BAM-4007,213,2,mus_spp,NA,7,63,57,14,9,15,male,external,yes,NA,NA,NA,NA,yes,NA,1,yes,2021-06-25,4,bambawo,bambawo_1_2_4_213,1624629557196.jpg,1624629571235.jpg,yes,uuid:acb21511-aa66-48d5-b386-67ffacbf95f4,mus_spp,mus_spp,Forest/fallow land,Bush,NA,-11.136595,8.008953333333332,Forest/fallow land,Bush,NA,-11.136595,8.008953333333332
1-BAM-2006,61,2,mastomys_spp,NA,55,125,116,22,19,30,male,external,yes,NA,NA,NA,NA,yes,NA,1,yes,2021-06-25,2,bambawo,bambawo_1_2_2_61,1624629113602.jpg,1624629125440.jpg,yes,uuid:8bd0b0de-8515-45a2-b2d0-e9ef6de244fb,mastomys,muridae,Distal agriculture,Path,NA,-11.140681666666667,8.00908,Distal agriculture,Path,NA,-11.140681666666667,8.00908
1-BAM-3005,184,2,mus_spp,NA,6,58,45,10,9,15,female,NA,NA,NA,NA,NA,2,yes,NA,1,no,2021-06-25,3,bambawo,bambawo_1_2_3_184,1624628668702.jpg,1624628680515.jpg,yes,uuid:d5bdb712-b273-461c-9109-59bd81a687d8,mus_spp,mus_spp,Forest/fallow land,Grass path,NA,-11.143173333333333,8.011533333333333,Forest/fallow land,Grass path,NA,-11.143173333333333,8.011533333333333
1-BAM-3004,186,2,shrew_spp,NA,11,89,55,14,8,25,female,NA,NA,yes,no,NA,0,yes,NA,1,yes,2021-06-25,3,bambawo,bambawo_1_2_3_186,1624628220228.jpg,1624628240005.jpg,yes,uuid:25c1781c-5ec1-4920-b6a4-dc0aa11c5949,shrew_spp,shrew_spp,Forest/fallow land,Grass road,NA,-11.142865,8.011626666666666,Forest/fallow land,Grass road,NA,-11.142865,8.011626666666666
1-BAM-3003,155,2,lophuromys_spp,NA,60,129,73,22,15,30,female,NA,NA,yes,yes,3,2,no,NA,1,yes,2021-06-25,3,bambawo,bambawo_1_2_3_155,NA,1624627578807.jpg,yes,uuid:9055a9cb-cde8-4c4b-a53e-18c74ad00b6e,lophuromys,muridae,Forest/fallow land,Bush,NA,-11.143031666666667,8.011165,Forest/fallow land,Bush,NA,-11.143031666666667,8.011165
1-BAM-1002,13,1,proamys_spp,NA,34,104,135,21,19,26,female,NA,NA,yes,yes,3,3,no,NA,1,yes,2021-06-24,1,bambawo,bambawo_1_1_1_13,NA,NA,no,uuid:458d1e7e-9e40-4df5-b3d4-236d665d5e91,proamys_spp,proamys_spp,Forest/fallow land,Rocks,NA,-11.142526666666667,8.009746666666667,Forest/fallow land,Rocks,NA,-11.142526666666667,8.009746666666667
1-BAM-1001,9,1,mus_spp,NA,11,70,57,17,10,20,female,NA,NA,yes,no,NA,0,no,NA,1,yes,2021-06-24,1,bambawo,bambawo_1_1_1_9,NA,NA,no,uuid:4b2556c4-528c-4e25-a5df-7a8eb22ac989,mus_spp,mus_spp,Forest/fallow land,Rocks,NA,-11.142631666666666,8.009601666666667,Forest/fallow land,Rocks,NA,-11.142631666666666,8.009601666666667
