rodent_uid,trap_number,trap_night,initial_species_id,group,weight,head_body,tail,hind_foot,ear,length_skull,sex,testes,seminal_vesicles,vagina_perforate,teats_visible,pairs_teats,number_embryos,photos_taken,notes,visit,all_samples,date_entered,study_site,village,trap_uid,form_entry,dorsal_image_id,ventral_image_id,cut_tail,key,genus,filter_label_number
LAL-01,21,1,l_sikapusi,rodent,79,140,78,22,17,40,male,outside,not_noted,na,na,NA,NA,y,NA,1,yes,2020-12-01,1,lalehun,lalehun_1_1_1_21,NA,NA,NA,NA,NA,NA,NA
LAL-02,46,1,crocidura_spp,shrew,39,137,84,20,11,44,male,inside,not_noted,na,na,NA,NA,y,NA,1,yes,2020-12-01,1,lalehun,lalehun_1_1_1_46,NA,NA,NA,NA,NA,NA,NA
LAL-03,102,1,l_striatus,rodent,55,118,123,26,18,29,female,na,na,open,visible,NA,6,y,NA,1,no,2020-12-02,2,lalehun,lalehun_1_1_2_102,NA,NA,NA,NA,NA,NA,NA
LAL-04,106,1,l_sikapusi,rodent,60.5,138,69,22,14,39,male,outside,developed,na,na,NA,NA,y,NA,1,yes,2020-12-02,2,lalehun,lalehun_1_1_2_106,NA,NA,NA,NA,NA,NA,NA
LAL-05,184,1,crocidura_spp,shrew,12,84,54,14,9,29,male,inside,not_noted,na,na,NA,NA,y,NA,1,no,2020-12-02,3,lalehun,lalehun_1_1_3_184,NA,NA,NA,NA,NA,NA,NA
LAL-06,28,3,m_minutoides,rodent,14,75,58,13,11,24,female,na,na,not_noted,visible,NA,3,y,NA,1,yes,2020-12-03,1,lalehun,lalehun_1_3_1_28,NA,NA,NA,NA,NA,NA,NA
LAL-07,40,3,m_minutoides,rodent,14,78,60,10.4,10,10.5,male,outside,not_noted,na,na,NA,NA,y,NA,1,yes,2020-12-03,1,lalehun,lalehun_1_3_1_40,NA,NA,NA,NA,NA,NA,NA
LAL-08,45,3,crocidura_spp,shrew,27,120,80,10.6,10,35,male,inside,not_noted,na,na,NA,NA,y,NA,1,yes,2020-12-03,1,lalehun,lalehun_1_3_1_45,NA,NA,NA,NA,NA,NA,NA
LAL-09,57,2,l_sikapusi,rodent,70,132,34,21,22,35,male,outside,not_noted,na,na,NA,NA,y,cut_tail,1,yes,2020-12-03,2,lalehun,lalehun_1_2_2_57,NA,NA,NA,NA,NA,NA,NA
LAL-10,104,2,l_sikapusi,rodent,74,139,60,20,17,35,male,outside,developed,na,na,NA,NA,y,NA,1,yes,2020-12-03,2,lalehun,lalehun_1_2_2_104,NA,NA,NA,NA,NA,NA,NA
LAL-11,105,2,l_sikapusi,rodent,55,124,80,22,19,34,female,na,na,open,barely_visible,NA,0,y,NA,1,yes,2020-12-03,2,lalehun,lalehun_1_2_2_105,NA,NA,NA,NA,NA,NA,NA
LAL-12,134,2,crocidura_spp,shrew,29,119,74,17,11,34,female,na,na,open,visible,NA,3,y,NA,1,yes,2020-12-03,2,lalehun,lalehun_1_2_2_134,NA,NA,NA,NA,NA,NA,NA
LAL-13,184,2,crocidura_spp,shrew,25,117,67,17,10,34,female,na,na,not_noted,not_noted,NA,0,y,NA,1,yes,2020-12-03,3,lalehun,lalehun_1_2_3_184,NA,NA,NA,NA,NA,NA,NA
LAL-14,248,1,crocidura_spp,shrew,25,114,50,16,10,29,male,inside,not_noted,na,na,NA,NA,y,NA,1,yes,2020-12-03,6,lalehun,lalehun_1_1_6_248,NA,NA,NA,NA,NA,NA,NA
LAL-15,252,1,crocidura_spp,shrew,17,93,55,14,7,25,male,inside,not_noted,na,na,NA,NA,y,NA,1,yes,2020-12-03,6,lalehun,lalehun_1_1_6_252,NA,NA,NA,NA,NA,NA,NA
LAL-16,263,1,crocidura_spp,shrew,10.1,89,57,14,7,29,male,inside,not_noted,na,na,NA,NA,y,NA,1,yes,2020-12-03,6,lalehun,lalehun_1_1_6_263,NA,NA,NA,NA,NA,NA,NA
LAL-17,11,4,m_minutoides,rodent,13,73,56,16,12,25,female,na,na,open,not_noted,NA,5,y,NA,1,yes,2020-12-04,1,lalehun,lalehun_1_4_1_11,NA,NA,NA,NA,NA,NA,NA
LAL-18,57,3,l_sikapusi,rodent,67,133,70,23,17,33,male,outside,developed,na,na,NA,NA,y,NA,1,yes,2020-12-04,2,lalehun,lalehun_1_3_2_57,NA,NA,NA,NA,NA,NA,NA
LAL-19,59,3,l_sikapusi,rodent,73,132,72,24,17,37,female,na,na,open,not_noted,NA,3,y,NA,1,yes,2020-12-04,2,lalehun,lalehun_1_3_2_59,NA,NA,NA,NA,NA,NA,NA
LAL-20,106,3,crocidura_spp,shrew,13,89,58,17,7,29,male,inside,not_noted,na,na,NA,NA,y,NA,1,no,2020-12-04,2,lalehun,lalehun_1_3_2_106,NA,NA,NA,NA,NA,NA,NA
LAL-21,184,3,crocidura_spp,shrew,25,117,57,18,9,32,female,na,na,open,not_noted,NA,0,y,NA,1,no,2020-12-04,3,lalehun,lalehun_1_3_3_184,NA,NA,NA,NA,NA,NA,NA
LAL-22,254,2,crocidura_spp,shrew,13,88,65,15,7,24,male,inside,not_noted,na,na,NA,NA,y,NA,1,no,2020-12-04,6,lalehun,lalehun_1_2_6_254,NA,NA,NA,NA,NA,NA,NA
SEI-001,215,1,malacomys_edwardsi,rodent,42,113,152,26,22,41,female,na,na,open,not_noted,NA,3,y,NA,1,yes,2020-12-05,5,seilama,seilama_1_1_5_215,NA,NA,NA,NA,NA,NA,NA
SEI-002,18,1,m_minutoides,rodent,10,71,58,17,14,27,male,outside,not_noted,na,na,NA,NA,y,NA,1,yes,2020-12-05,1,seilama,seilama_1_1_1_18,NA,NA,NA,NA,NA,NA,NA
SEI-003,44,1,l_sikapusi,rodent,65,130,64,23,17,35,male,outside,developed,na,na,NA,NA,y,NA,1,yes,2020-12-05,1,seilama,seilama_1_1_1_44,NA,NA,NA,NA,NA,NA,NA
SEI-004,88,1,l_sikapusi,rodent,74,125,47,23,16,37,male,outside,developed,na,na,NA,NA,y,cut_tail,1,yes,2020-12-05,2,seilama,seilama_1_1_2_88,NA,NA,NA,NA,NA,NA,NA
SEI-005,138,1,malacomys_edwardsi,rodent,53,125,153,27,23,37,female,na,na,open,visible,2,0,y,evidence_previous_pregnancy,1,yes,2020-12-05,3,seilama,seilama_1_1_3_138,NA,NA,NA,NA,NA,NA,NA
SEI-006,147,1,malacomys_edwardsi,rodent,48,128,155,26,21,35,female,na,na,open,visible,2,0,y,lactating,1,no,2020-12-05,3,seilama,seilama_1_1_3_147,NA,NA,NA,NA,NA,NA,NA
SEI-007,177,1,crocidura_spp,shrew,24,106,78,23,9,36,female,na,na,not_noted,not_noted,NA,0,y,NA,1,yes,2020-12-05,4,seilama,seilama_1_1_4_177,NA,NA,NA,NA,NA,NA,NA
SEI-008,8,2,praomys_spp,rodent,53,116,132,27,19,35,male,outside,developed,na,na,NA,NA,y,NA,1,yes,2020-12-06,1,seilama,seilama_1_2_1_8,NA,NA,NA,NA,NA,NA,NA
SEI-009,22,2,praomys_spp,rodent,17,85,18,24,17,27,male,outside,developed,na,na,NA,NA,y,NA,1,yes,2020-12-06,1,seilama,seilama_1_2_1_22,NA,NA,NA,NA,NA,NA,NA
SEI-010,38,2,crocidura_spp,shrew,33,114,74,24,8,35,male,inside,developed,na,na,NA,NA,y,NA,1,no,2020-12-06,1,seilama,seilama_1_2_1_38,NA,NA,NA,NA,NA,NA,NA
SEI-011,52,2,praomys_spp,rodent,14,78,95,22,16,33,male,outside,developed,na,na,NA,NA,y,NA,1,yes,2020-12-06,2,seilama,seilama_1_2_2_52,NA,NA,NA,NA,NA,NA,NA
SEI-012,103,2,l_striatus,rodent,10,73,73,23,15,28,male,not_noted,developed,na,na,NA,NA,y,NA,1,yes,2020-12-06,3,seilama,seilama_1_2_3_103,NA,NA,NA,NA,NA,NA,NA
SEI-013,117,2,crocidura_spp,shrew,19,98,68,19,8,29,female,na,na,open,visible,NA,3,y,NA,1,no,2020-12-06,3,seilama,seilama_1_2_3_117,NA,NA,NA,NA,NA,NA,NA
SEI-014,131,2,praomys_spp,rodent,43,105,122,25,19,35,female,na,na,not_open,not_noted,6,0,y,NA,1,yes,2020-12-06,3,seilama,seilama_1_2_3_131,NA,NA,NA,NA,NA,NA,NA
SEI-015,133,2,praomys_spp,rodent,45,118,130,27,20,43,male,outside,developed,na,na,NA,NA,y,NA,1,yes,2020-12-06,3,seilama,seilama_1_2_3_133,NA,NA,NA,NA,NA,NA,NA
SEI-016,142,2,praomys_spp,rodent,9,61,93,17,16,22,female,na,na,not_open,barely_visible,NA,0,y,NA,1,yes,2020-12-06,3,seilama,seilama_1_2_3_142,NA,NA,NA,NA,NA,NA,NA
SEI-017,176,2,crocidura_spp,shrew,35,113,74,17,9,35,male,outside,developed,na,na,NA,NA,y,NA,1,no,2020-12-06,4,seilama,seilama_1_2_4_176,NA,NA,NA,NA,NA,NA,NA
SEI-018,161,2,gerbillinae_spp,rodent,180,174,172,38,25,57,female,na,na,open,visible,3,6,y,NA,1,yes,2020-12-06,4,seilama,seilama_1_2_4_161,NA,NA,NA,NA,NA,NA,NA
SEI-019,169,2,l_sikapusi,rodent,45,188,58,17,15,37,female,na,na,open,visible,2,0,y,NA,1,yes,2020-12-06,4,seilama,seilama_1_2_4_169,NA,NA,NA,NA,NA,NA,NA
SEI-020,196,2,l_sikapusi,rodent,55,115,NA,18,15,35,male,not_noted,developed,na,na,NA,NA,y,no_tail,1,yes,2020-12-06,4,seilama,seilama_1_2_4_196,NA,NA,NA,NA,NA,NA,NA
SEI-021,215,2,praomys_spp,rodent,53,123,143,27,19,45,male,outside,developed,na,na,NA,NA,y,NA,1,yes,2020-12-06,5,seilama,seilama_1_2_5_215,NA,NA,NA,NA,NA,NA,NA
SEI-022,219,2,praomys_spp,rodent,47,117,138,27,19,37,female,na,na,open,visible,3,4,y,NA,1,yes,2020-12-06,5,seilama,seilama_1_2_5_219,NA,NA,NA,NA,NA,NA,NA
SEI-023,223,2,malacomys_edwardsi,rodent,63,113,154,33,28,43,female,na,na,open,visible,2,3,y,NA,1,yes,2020-12-06,5,seilama,seilama_1_2_5_223,NA,NA,NA,NA,NA,NA,NA
SEI-024,226,2,praomys_spp,rodent,44,109,139,26,19,41,female,na,na,not_noted,visible,3,3,y,NA,1,yes,2020-12-06,5,seilama,seilama_1_2_5_226,NA,NA,NA,NA,NA,NA,NA
SEI-025,232,2,praomys_spp,rodent,37,105,118,26,19,36,female,na,na,open,visible,3,3,y,NA,1,yes,2020-12-06,5,seilama,seilama_1_2_5_232,NA,NA,NA,NA,NA,NA,NA
SEI-026,245,2,praomys_spp,rodent,31,105,133,26,19,39,female,na,na,open,visible,3,0,y,NA,1,yes,2020-12-06,5,seilama,seilama_1_2_5_245,NA,NA,NA,NA,NA,NA,NA
SEI-027,252,1,m_minutoides,rodent,10,69,47,17,13,26,female,na,na,open,visible,3,2,y,NA,1,yes,2020-12-06,6,seilama,seilama_1_1_6_252,NA,NA,NA,NA,NA,NA,NA
SEI-028,50,3,l_sikapusi,rodent,60,123,63,23,16,33,male,outside,developed,na,na,NA,NA,y,NA,1,yes,2020-12-07,2,seilama,seilama_1_3_2_50,NA,NA,NA,NA,NA,NA,NA
SEI-029,74,3,mastomys_spp,rodent,58,122,113,24,18,36,male,outside,developed,na,na,NA,NA,y,NA,1,yes,2020-12-07,2,seilama,seilama_1_3_2_74,NA,NA,NA,NA,NA,NA,NA
SEI-030,96,3,hylomyscus_spp,rodent,13,78,95,18,16,29,male,outside,developed,na,na,NA,NA,y,NA,1,yes,2020-12-07,2,seilama,seilama_1_3_2_96,NA,NA,NA,NA,NA,NA,NA
SEI-031,148,3,l_sikapusi,rodent,63,127,NA,23,17,38,male,outside,not_noted,na,na,NA,NA,y,no_tail,1,yes,2020-12-07,4,seilama,seilama_1_3_4_148,NA,NA,NA,NA,NA,NA,NA
SEI-032,167,3,l_sikapusi,rodent,58,124,58,23,17,37,male,outside,developed,na,na,NA,NA,y,NA,1,yes,2020-12-07,4,seilama,seilama_1_3_4_167,NA,NA,NA,NA,NA,NA,NA
SEI-033,191,3,praomys_spp,rodent,24,98,108,26,17,32,male,outside,not_noted,na,na,NA,NA,y,NA,1,yes,2020-12-07,4,seilama,seilama_1_3_4_191,NA,NA,NA,NA,NA,NA,NA
SEI-034,225,3,hylomyscus_spp,rodent,21,83,118,18,16,27,female,na,na,open,visible,3,3,y,NA,1,yes,2020-12-07,5,seilama,seilama_1_3_5_225,NA,NA,NA,NA,NA,NA,NA
SEI-035,243,3,hybomys_spp,rodent,24,95,77,33,18,33,male,outside,undeveloped,na,na,NA,NA,y,NA,1,yes,2020-12-07,5,seilama,seilama_1_3_5_243,NA,NA,NA,NA,NA,NA,NA
SEI-036,1,4,mastomys_spp,rodent,39,113,98,24,18,29,male,outside,developed,na,na,NA,NA,y,NA,1,yes,2020-12-08,1,seilama,seilama_1_4_1_1,NA,NA,NA,NA,NA,NA,NA
SEI-037,136,4,r_rattus,rodent,28,103,118,29,19,33,female,na,na,not_open,barely_visible,0,0,y,NA,1,yes,2020-12-08,3,seilama,seilama_1_4_3_136,NA,NA,NA,NA,NA,NA,NA
SEI-038,176,4,crocidura_spp,shrew,29,121,79,19,9,35,male,inside,not_noted,na,na,NA,NA,y,NA,1,yes,2020-12-08,4,seilama,seilama_1_4_4_176,NA,NA,NA,NA,NA,NA,NA
SEI-039,193,4,praomys_spp,rodent,43,113,138,27,19,45,female,na,na,open,visible,3,0,y,NA,1,yes,2020-12-08,4,seilama,seilama_1_4_4_193,NA,NA,NA,NA,NA,NA,NA
SEI-040,245,4,praomys_spp,rodent,43,117,143,27,20,35,female,na,na,not_open,visible,3,2,y,NA,1,yes,2020-12-08,5,seilama,seilama_1_4_5_245,NA,NA,NA,NA,NA,NA,NA
SEI-041,271,4,crocidura_spp,shrew,15,93,54,17,8,33,female,na,na,not_open,visible,2,0,y,NA,1,yes,2020-12-08,6,seilama,seilama_1_4_6_271,NA,NA,NA,NA,NA,NA,NA
SEI-042,276,4,r_rattus,rodent,105,149,188,37,24,42,female,na,na,open,visible,5,8,y,NA,1,yes,2020-12-08,6,seilama,seilama_1_4_6_276,NA,NA,NA,NA,NA,NA,NA
SEI-043,251,4,mastomys_spp,rodent,38,116,99,24,17,33,male,outside,developed,na,na,NA,NA,y,NA,1,yes,2020-12-08,6,seilama,seilama_1_4_6_251,NA,NA,NA,NA,NA,NA,NA
2-LAL-400,194,1,crocidura_spp,shrew,20,110,60,17,7,29,male,outside,not_noted,na,na,NA,NA,y,NA,2,no,2021-04-03,4,lalehun,lalehun_2_1_4_194,NA,NA,NA,NA,NA,NA,NA
2-LAL-400,191,1,crocidura_spp,shrew,NA,80,62,15,5,22,male,outside,not_noted,na,na,NA,NA,n,NA,2,no,2021-04-03,4,lalehun,lalehun_2_1_4_191,NA,NA,NA,NA,NA,NA,NA
2-LAL-600,296,1,rattus_sp,rodent,52,135,160,3,20,39,male,inside,developed,na,na,NA,NA,y,NA,2,no,2021-04-03,6,lalehun,lalehun_2_1_6_296,NA,NA,NA,NA,NA,NA,NA
2-LAL-200,96,2,mus_minutoides,rodent,15,80,60,15,15,22,male,outside,developed,na,na,NA,NA,y,NA,2,no,2021-04-03,2,lalehun,lalehun_2_2_2_96,NA,NA,NA,NA,NA,NA,NA
2-LAL-300,106,2,crocidura_spp,shrew,21,115,89,19,8,NA,male,inside,undeveloped,na,na,NA,NA,y,NA,2,no,2021-04-04,3,lalehun,lalehun_2_2_3_106,NA,NA,NA,NA,NA,NA,NA
2-LAL-400,174,3,mus_minutoides,rodent,11,78,49,14,10,22,female,na,na,not_recorded,not_recorded,0,0,y,NA,2,no,2021-04-05,4,lalehun,lalehun_2_3_4_174,NA,NA,NA,NA,NA,NA,NA
2-LAL-600,308,3,mastomys_spp,rodent,13,87,98,70,15,22,female,na,na,not_open,barely_visible,0,0,y,NA,2,no,2021-04-05,6,lalehun,lalehun_2_3_6_308,NA,NA,NA,NA,NA,NA,NA
2-LAL-200,52,4,mus_minutoides,rodent,12,75,58,16,11,25,male,outside,developed,na,na,NA,NA,y,NA,2,no,2021-04-06,2,lalehun,lalehun_2_4_2_52,NA,NA,NA,NA,NA,NA,NA
2-LAL-200,76,4,crocidura_spp,shrew,11,84,60,15,5,25,female,na,na,not_open,barely_visible,0,0,y,NA,2,no,2021-04-06,2,lalehun,lalehun_2_4_2_76,NA,NA,NA,NA,NA,NA,NA
2-LAL-201,92,4,crocidura_spp,shrew,15,90,54,15,7,26,female,na,na,not_recorded,not_recorded,0,0,y,NA,2,no,2021-04-06,2,lalehun,lalehun_2_4_2_92,NA,NA,NA,NA,NA,NA,NA
2-LAL-301,114,4,crocidura_spp,shrew,32,135,70,18,10,35,female,na,na,open,visible,NA,0,y,NA,2,yes,2021-04-06,3,lalehun,lalehun_2_4_3_114,NA,NA,NA,NA,NA,NA,NA
2-LAL-401,127,4,malacomys_edwardsi,rodent,40,118,165,31,23,35,male,outside,developed,na,na,NA,NA,y,NA,2,yes,2021-04-06,3,lalehun,lalehun_2_4_3_127,NA,NA,NA,NA,NA,NA,NA
2-LAL-401,138,4,mastomys_spp,rodent,46,119,120,22,19,31,male,outside,developed,na,na,NA,NA,y,NA,2,yes,2021-04-06,3,lalehun,lalehun_2_4_3_138,NA,NA,NA,NA,NA,NA,NA
2-LAL-401,190,4,mus_minutoides,rodent,6,55,46,14,9,NA,male,inside,undeveloped,na,na,NA,NA,y,NA,2,yes,2021-04-06,4,lalehun,lalehun_2_4_4_190,NA,NA,NA,NA,NA,NA,NA
2-LAL-501,205,4,mus_minutoides,rodent,15,80,57,15,12,20,female,na,na,not_open,visible,NA,0,NA,NA,2,no,2021-04-06,5,lalehun,lalehun_2_4_5_205,NA,NA,NA,NA,NA,NA,NA
2-LAL-601,293,4,rattus_sp,rodent,60,145,167,30,20,36,male,outside,developed,na,na,NA,NA,y,NA,2,yes,2021-04-06,6,lalehun,lalehun_2_4_6_293,NA,NA,NA,NA,NA,NA,NA
2-SEI-100,35,1,mus_minutoides,rodent,12,74,60,15,10,20,female,na,na,open,visible,4,NA,y,NA,2,yes,2021-04-13,1,seilama,seilama_2_1_1_35,NA,NA,NA,NA,NA,NA,NA
2-SEI-100,46,1,mastomys_spp,rodent,60,134,122,24,20,35,male,outside,developed,na,na,NA,NA,y,NA,2,yes,2021-04-13,1,seilama,seilama_2_1_1_46,NA,NA,NA,NA,NA,NA,NA
2-SEI-700,74,1,rattus_spp,rodent,75,160,174,30,22,40,male,outside,not_noted,na,na,NA,NA,y,NA,2,yes,2021-04-13,7,seilama,seilama_2_1_7_74,NA,NA,NA,NA,NA,NA,NA
2-SEI-700,87,1,mastomys_spp,rodent,80,140,125,25,19,32,female,na,na,open,visible,9,6,y,NA,2,yes,2021-04-13,7,seilama,seilama_2_1_7_87,NA,NA,NA,NA,NA,NA,NA
2-SEI-700,89,1,mastomys_spp,rodent,52,111,104,22,17,25,female,na,na,open,visible,10,6,y,NA,2,yes,2021-04-13,7,seilama,seilama_2_1_7_89,NA,NA,NA,NA,NA,NA,NA
2-SEI-700,98,1,mastomys_spp,rodent,66,130,129,22,18,30,male,outside,developed,na,na,NA,NA,y,NA,2,yes,2021-04-13,7,seilama,seilama_2_1_7_98,NA,NA,NA,NA,NA,NA,NA
2-SEI-400,114,1,crocidura_spp,shrew,22,110,74,18,8,35,female,na,na,not_open,barely_visible,NA,0,y,NA,2,yes,2021-04-13,4,seilama,seilama_2_1_4_114,NA,NA,NA,NA,NA,NA,NA
2-SEI-400,127,1,crocidura_spp,shrew,12,85,66,15,6,25,female,na,na,not_open,barely_visible,NA,0,y,NA,2,yes,2021-04-13,4,seilama,seilama_2_1_4_127,NA,NA,NA,NA,NA,NA,NA
2-SEI-400,128,1,crocidura_spp,shrew,15,74,60,15,6,NA,female,na,na,not_open,barely_visible,NA,0,y,NA,2,yes,2021-04-13,4,seilama,seilama_2_1_4_128,NA,NA,NA,NA,NA,NA,NA
2-SEI-201,156,1,praomys_spp,rodent,46,117,136,24,18,38,female,na,na,open,barely_visible,3,0,y,NA,2,yes,2021-04-13,2,seilama,seilama_2_1_2_156,NA,NA,NA,NA,NA,NA,NA
2-SEI-201,174,1,praomys_spp,rodent,50,128,99,22,17,35,male,outside,developed,na,na,NA,NA,y,NA,2,yes,2021-04-13,2,seilama,seilama_2_1_2_174,NA,NA,NA,NA,NA,NA,NA
2-SEI-201,180,1,praomys_spp,rodent,25,99,104,20,16,30,female,na,na,not_open,barely_visible,NA,0,y,NA,2,yes,2021-04-13,2,seilama,seilama_2_1_2_180,NA,NA,NA,NA,NA,NA,NA
2-SEI-201,182,1,lophuromys_spp,rodent,58,135,NA,25,18,40,female,na,na,open,visible,3,0,y,broken_tail,2,yes,2021-04-13,2,seilama,seilama_2_1_2_182,NA,NA,NA,NA,NA,NA,NA
2-SEI-201,186,1,crocidura_spp,shrew,22,100,65,14,8,30,female,na,na,open,visible,4,0,y,NA,2,yes,2021-04-13,2,seilama,seilama_2_1_2_186,NA,NA,NA,NA,NA,NA,NA
2-SEI-301,201,1,mastomys_spp,rodent,52,130,120,25,18,35,male,outside,developed,na,na,NA,NA,y,NA,2,yes,2021-04-13,3,seilama,seilama_2_1_3_201,NA,NA,NA,NA,NA,NA,NA
2-SEI-301,215,1,mastomys_spp,rodent,48,109,119,22,16,30,female,na,na,not_open,barely_visible,NA,0,y,NA,2,yes,2021-04-13,3,seilama,seilama_2_1_3_215,NA,NA,NA,NA,NA,NA,NA
2-SEI-301,225,1,mastomys_spp,rodent,35,115,119,22,16,29,male,outside,undeveloped,na,na,NA,NA,y,NA,2,yes,2021-04-13,3,seilama,seilama_2_1_3_225,NA,NA,NA,NA,NA,NA,NA
2-SEI-301,232,2,mastomys_spp,rodent,40,105,110,24,16,29,male,outside,developed,NA,NA,NA,NA,y,NA,2,yes,2021-04-14,3,seilama,seilama_2_2_3_232,NA,NA,NA,NA,NA,NA,NA
2-SEI-301,265,2,mastomys_spp,rodent,65,125,105,26,16,30,male,outside,developed,NA,NA,NA,NA,y,NA,2,yes,2021-04-14,3,seilama,seilama_2_2_3_265,NA,NA,NA,NA,NA,NA,NA
2-SEI-302,268,2,mastomys_spp,rodent,48,120,115,24,18,31,female,NA,NA,not_open,not_noted,NA,0,y,NA,2,yes,2021-04-14,3,seilama,seilama_2_2_3_268,NA,NA,NA,NA,NA,NA,NA
2-SEI-502,272,2,crocidura_spp,shrew,22,105,82,20,10,NA,female,NA,NA,not_open,not_noted,NA,0,y,NA,2,yes,2021-04-14,5,seilama,seilama_2_2_5_272,NA,NA,NA,NA,NA,NA,NA
2-SEI-502,292,2,praomys_spp,rodent,22,95,111,22,19,28,male,outside,undeveloped,NA,NA,NA,NA,y,NA,2,yes,2021-04-14,5,seilama,seilama_2_2_5_292,NA,NA,NA,NA,NA,NA,NA
2-SEI-502,296,2,praomys_spp,rodent,39,110,135,22,16,26,female,NA,NA,open,visible,3,0,y,NA,2,yes,2021-04-14,5,seilama,seilama_2_2_5_296,NA,NA,NA,NA,NA,NA,NA
2-SEI-102,5,2,mus_minutoides,rodent,11,70,69,15,10,21,female,NA,NA,not_open,NA,NA,NA,NA,NA,2,no,2021-04-14,1,seilama,seilama_2_2_1_5,NA,NA,NA,NA,NA,NA,NA
2-SEI-102,11,2,mastomys_spp,rodent,43,107,119,17,17,29,male,outside,undeveloped,NA,NA,NA,NA,y,NA,2,yes,2021-04-14,1,seilama,seilama_2_2_1_11,NA,NA,NA,NA,NA,NA,NA
2-SEI-102,19,2,praomys_spp,rodent,58,125,160,26,20,36,male,outside,developed,NA,NA,NA,NA,y,NA,2,yes,2021-04-14,1,seilama,seilama_2_2_1_19,NA,NA,NA,NA,NA,NA,NA
2-SEI-102,22,2,mastomys_spp,rodent,35,104,105,22,17,28,male,outside,developed,NA,NA,NA,NA,y,NA,2,yes,2021-04-14,1,seilama,seilama_2_2_1_22,NA,NA,NA,NA,NA,NA,NA
2-SEI-102,43,2,mus_minutoides,rodent,9,68,50,12,9,20,female,NA,NA,not_open,visible,2,0,y,NA,2,yes,2021-04-14,1,seilama,seilama_2_2_1_43,NA,NA,NA,NA,NA,NA,NA
2-SEI-702,67,2,mastomys_spp,rodent,55,121,112,24,17,30,male,outside,developed,NA,NA,NA,NA,y,NA,2,yes,2021-04-14,7,seilama,seilama_2_2_7_67,NA,NA,NA,NA,NA,NA,NA
2-SEI-703,69,2,mastomys_spp,rodent,35,101,119,24,16,25,female,NA,NA,open,visible,10,0,y,NA,2,yes,2021-04-14,7,seilama,seilama_2_2_7_69,NA,NA,NA,NA,NA,NA,NA
2-SEI-703,86,3,mastomys_spp,rodent,40,114,115,25,18,32,male,outside,developed,NA,NA,NA,NA,y,NA,2,yes,2021-04-15,7,seilama,seilama_2_3_7_86,NA,NA,NA,NA,NA,NA,NA
2-SEI-703,87,3,mastomys_spp,rodent,80,140,139,25,20,34,male,outside,developed,NA,NA,NA,NA,y,NA,2,yes,2021-04-15,7,seilama,seilama_2_3_7_87,NA,NA,NA,NA,NA,NA,NA
2-SEI-303,126,3,mastomys_spp,rodent,33,99,102,24,15,27,female,NA,NA,not_open,visible,0,0,y,NA,2,yes,2021-04-15,4,seilama,seilama_2_3_4_126,NA,NA,NA,NA,NA,NA,NA
2-SEI-403,139,3,lemniscomys_spp,rodent,45,117,120,25,15,29,female,NA,NA,open,visible,4,0,y,NA,2,yes,2021-04-15,4,seilama,seilama_2_3_4_139,NA,NA,NA,NA,NA,NA,NA
2-SEI-403,140,3,mastomys_spp,rodent,27,98,100,24,15,25,female,NA,NA,open,visible,10,0,y,NA,2,yes,2021-04-15,4,seilama,seilama_2_3_4_140,NA,NA,NA,NA,NA,NA,NA
2-SEI-203,153,3,crocidura_spp,shrew,12,94,60,14,6,19,female,NA,NA,not_open,not_noted,NA,0,y,NA,2,yes,2021-04-15,2,seilama,seilama_2_3_2_153,NA,NA,NA,NA,NA,NA,NA
2-SEI-203,193,3,praomys_spp,rodent,48,125,142,22,20,32,female,NA,NA,open,visible,3,0,y,NA,2,yes,2021-04-15,2,seilama,seilama_2_3_2_193,NA,NA,NA,NA,NA,NA,NA
2-SEI-203,194,3,mastomys_spp,rodent,33,103,102,24,18,28,female,NA,NA,open,visible,10,0,y,NA,2,yes,2021-04-15,2,seilama,seilama_2_3_2_194,NA,NA,NA,NA,NA,NA,NA
2-SEI-303,219,3,mastomys_spp,rodent,56,125,125,24,17,30,male,outside,developed,NA,NA,NA,NA,y,NA,2,yes,2021-04-15,3,seilama,seilama_2_3_3_219,NA,NA,NA,NA,NA,NA,NA
2-SEI-304,226,3,mastomys_spp,rodent,45,112,117,22,16,30,female,NA,NA,open,visible,10,0,y,NA,2,yes,2021-04-15,3,seilama,seilama_2_3_3_226,NA,NA,NA,NA,NA,NA,NA
2-SEI-504,306,3,praomys_spp,rodent,40,109,130,22,19,25,female,NA,NA,open,visible,3,4,y,NA,2,yes,2021-04-15,5,seilama,seilama_2_3_5_306,NA,NA,NA,NA,NA,NA,NA
2-SEI-104,26,4,praomys_spp,rodent,32,107,122,22,18,26,male,outside,undeveloped,NA,NA,NA,NA,y,NA,2,yes,2021-04-16,1,seilama,seilama_2_4_1_26,NA,NA,NA,NA,NA,NA,NA
2-SEI-104,47,4,praomys_spp,rodent,41,122,142,25,19,30,female,NA,NA,not_recorded,visible,3,0,y,NA,2,yes,2021-04-16,1,seilama,seilama_2_4_1_47,NA,NA,NA,NA,NA,NA,NA
2-SEI-704,66,4,mastomys_spp,rodent,30,104,105,24,17,27,female,NA,NA,not_recorded,visible,10,0,y,NA,2,yes,2021-04-16,7,seilama,seilama_2_4_7_66,NA,NA,NA,NA,NA,NA,NA
2-SEI-704,67,4,mastomys_spp,rodent,60,127,125,24,18,35,female,NA,NA,open,visible,10,0,y,NA,2,yes,2021-04-16,7,seilama,seilama_2_4_7_67,NA,NA,NA,NA,NA,NA,NA
2-SEI-704,82,4,rattus_spp,rodent,55,130,165,30,20,32,male,outside,not_noted,NA,NA,NA,NA,y,NA,2,yes,2021-04-16,7,seilama,seilama_2_4_7_82,NA,NA,NA,NA,NA,NA,NA
2-SEI-404,101,4,lophuromys_spp,rodent,60,130,80,20,15,NA,male,outside,developed,NA,NA,NA,NA,y,NA,2,yes,2021-04-16,4,seilama,seilama_2_4_4_101,NA,NA,NA,NA,NA,NA,NA
2-SEI-404,108,4,lophuromys_spp,rodent,60,125,67,20,15,30,male,outside,developed,NA,NA,NA,NA,y,NA,2,yes,2021-04-16,4,seilama,seilama_2_4_4_108,NA,NA,NA,NA,NA,NA,NA
2-SEI-204,187,4,mus_minutoides,rodent,10,70,62,15,10,20,male,not_noted,not_noted,NA,NA,NA,NA,y,NA,2,yes,2021-04-16,2,seilama,seilama_2_4_2_187,NA,NA,NA,NA,NA,NA,NA
2-SEI-205,195,4,mus_minutoides,rodent,10,74,55,14,11,20,female,NA,NA,open,visible,2,0,y,NA,2,yes,2021-04-16,2,seilama,seilama_2_4_2_195,NA,NA,NA,NA,NA,NA,NA
2-SEI-305,223,4,mastomys_spp,rodent,21,94,89,20,14,25,male,inside,undeveloped,NA,NA,NA,NA,y,NA,2,yes,2021-04-16,3,seilama,seilama_2_4_3_223,NA,NA,NA,NA,NA,NA,NA
2-SEI-305,270,4,mastomys_spp,rodent,60,125,125,25,18,30,male,outside,developed,NA,NA,NA,NA,y,NA,2,yes,2021-04-16,3,seilama,seilama_2_4_3_270,NA,NA,NA,NA,NA,NA,NA
2-SEI-505,284,4,hybomys_spp,rodent,46,120,90,25,15,35,female,NA,NA,open,visible,4,0,y,NA,2,yes,2021-04-16,5,seilama,seilama_2_4_5_284,NA,NA,NA,NA,NA,NA,NA
2-SEI-505,293,4,praomys_spp,rodent,45,120,147,25,20,29,male,outside,developed,NA,NA,NA,NA,y,NA,2,yes,2021-04-16,5,seilama,seilama_2_4_5_293,NA,NA,NA,NA,NA,NA,NA
2-SEI-505,296,4,crocidura_spp,shrew,20,104,64,15,7,30,female,NA,NA,not_open,barely_visible,0,0,y,NA,2,yes,2021-04-16,5,seilama,seilama_2_4_5_296,NA,NA,NA,NA,NA,NA,NA
2-SEI-505,305,4,hybomys_spp,rodent,28,97,89,28,15,32,male,outside,developed,NA,NA,NA,NA,y,NA,2,no,2021-04-16,5,seilama,seilama_2_4_5_305,NA,NA,NA,NA,NA,NA,NA
2_BAI_019,288,3,rattus_rattus,NA,61,149,168,29,24,39,female,NA,NA,yes,yes,3,0,yes,NA,2,yes,2021-10-26,6,baiama,baiama_2_3_6_288,2021-10-26T14:14:51Z,1635257957938.jpg,1635257979469.jpg,no,uuid:ba324614-886d-4ab2-aa2a-bfb63b2247fb,rattus,019
2_BAI_018,281,3,rattus_rattus,NA,52,131,160,33,22,36,female,NA,NA,yes,yes,3,0,yes,NA,2,yes,2021-10-26,6,baiama,baiama_2_3_6_281,2021-10-26T14:07:01Z,1635257467863.jpg,1635257481879.jpg,no,uuid:6b396922-a052-477a-ac8b-e5d66241f8cd,rattus,018
2_BAI_017,280,3,rattus_rattus,NA,43,129,148,29,21,39,female,NA,NA,yes,yes,3,0,yes,NA,2,yes,2021-10-26,6,baiama,baiama_2_3_6_280,2021-10-26T13:59:23Z,1635256969291.jpg,1635256990206.jpg,no,uuid:4a3a563c-1dd4-46c0-9d6a-e4d5694f097c,rattus,017
2_BAI_016,279,3,rattus_rattus,NA,130,187,210,37,26,47,male,external,yes,NA,NA,NA,NA,yes,NA,2,yes,2021-10-26,6,baiama,baiama_2_3_6_279,2021-10-26T13:50:56Z,1635256502796.jpg,1635256520582.jpg,no,uuid:f95fe4f0-a9e9-4793-a3ae-2b374926b79b,rattus,016
2_BAI_015,264,3,rattus_spp,NA,120,179,200,35,24,45,female,NA,NA,yes,yes,3,0,yes,NA,2,yes,2021-10-26,6,baiama,baiama_2_3_6_264,2021-10-26T13:42:28Z,1635255968839.jpg,1635255991960.jpg,no,uuid:e796ad32-9944-4a2a-bfda-82d722006b03,rattus,015
2_BAI_014,261,3,rattus_rattus,NA,20,89,99,23,17,29,female,NA,NA,no,no,NA,0,yes,NA,2,yes,2021-10-26,6,baiama,baiama_2_3_6_261,2021-10-26T13:34:37Z,1635255480393.jpg,1635255517161.jpg,no,uuid:8b3b64a5-4439-4607-9b99-f1545186b7c9,rattus,014
2_BAI_013,258,3,mastomys_spp,NA,61,140,110,26,18,35,male,external,yes,NA,NA,NA,NA,yes,NA,2,yes,2021-10-26,6,baiama,baiama_2_3_6_258,2021-10-26T13:27:34Z,1635255058499.jpg,1635255076833.jpg,no,uuid:b1f08245-967a-4d69-9a05-fb9c2bc0e7d5,mastomys,013
2_BAI_012,251,3,hylomyscus_spp,NA,18,88,108,21,16,27,female,NA,NA,yes,yes,2,0,yes,NA,2,no,2021-10-26,6,baiama,baiama_2_3_6_251,2021-10-26T13:16:36Z,1635254369167.jpg,1635254385842.jpg,no,uuid:965923f9-8f79-4d78-8fd2-0d8eb99c8c0a,hylomyscus,012
2_BAI_011,262,2,rattus_spp,NA,21,99,100,25,18,34,female,NA,NA,no,yes,3,0,yes,NA,2,yes,2021-10-25,6,baiama,baiama_2_2_6_262,2021-10-25T13:02:54Z,1635167254291.jpg,1635167277742.jpg,no,uuid:4d806244-e504-444c-9e7d-2f278f316761,rattus,011
2_BAI_010,253,2,mastomys_spp,NA,22,88,85,23,17,32,female,NA,NA,no,yes,7,0,yes,NA,2,yes,2021-10-25,6,baiama,baiama_2_2_6_253,2021-10-25T12:53:09Z,1635166593164.jpg,1635166613680.jpg,no,uuid:e5711316-e8ef-4059-a16c-64c73eef0869,mastomys,010
2_BAI_009,266,1,rattus_spp,NA,51,138,152,30,20,32,male,external,yes,NA,NA,NA,NA,yes,NA,2,yes,2021-10-24,6,baiama,baiama_2_1_6_266,2021-10-24T16:06:24Z,1635091790570.jpg,1635091803683.jpg,no,uuid:ece685c5-dbcf-48ea-8777-86a4a37d922f,rattus,009
2_BAI_008,263,1,rattus_rattus,NA,110,174,210,32,21,40,male,external,yes,NA,NA,NA,NA,yes,NA,2,yes,2021-10-24,6,baiama,baiama_2_1_6_263,2021-10-24T16:00:27Z,1635091406276.jpg,1635091416174.jpg,no,uuid:c9af9153-42cd-4924-a69e-35c894f9f12e,rattus,008
2_BAI_007,260,1,rattus_spp,NA,20,88,106,25,15,26,male,internal,no,NA,NA,NA,NA,yes,NA,2,yes,2021-10-24,6,baiama,baiama_2_1_6_260,2021-10-24T15:53:21Z,1635090986030.jpg,1635090998389.jpg,no,uuid:03e6d932-b877-440e-bea9-4ec451cf49eb,rattus,007
2_BAI_006,252,1,mastomys_spp,NA,23,99,99,23,16,22,male,external,yes,NA,NA,NA,NA,yes,NA,2,yes,2021-10-24,6,baiama,baiama_2_1_6_252,2021-10-24T15:48:44Z,1635090648502.jpg,1635090657834.jpg,no,uuid:992c1e3c-5659-4d41-8b4d-452e096b7377,mastomys,006
2_BAI_005,246,1,rattus_spp,NA,28,104,139,27,20,30,male,internal,no,NA,NA,NA,NA,yes,NA,2,yes,2021-10-24,6,baiama,baiama_2_1_6_246,2021-10-24T15:41:31Z,1635090248878.jpg,1635090272068.jpg,no,uuid:f4b6a4b7-24d3-42bd-85ce-56e8443953e5,rattus,005
2_BAI_004,233,1,rattus_rattus,NA,59,132,145,31,19,32,female,NA,NA,yes,yes,3,0,yes,NA,2,yes,2021-10-24,5,baiama,baiama_2_1_5_233,2021-10-24T15:36:14Z,1635089885772.jpg,1635089900454.jpg,no,uuid:1bdb8afa-a884-446b-8c70-40a00c84b8f7,rattus,004
2_BAI_003,216,1,mastomys_spp,NA,53,125,98,23,17,27,male,external,yes,NA,NA,NA,NA,yes,NA,2,yes,2021-10-24,5,baiama,baiama_2_1_5_216,2021-10-24T15:29:40Z,1635089559921.jpg,1635089578313.jpg,no,uuid:807ba701-dc1b-4fda-9e9d-f570c49a7a80,mastomys,003
2_BAI_002,206,1,crocidura_spp,NA,17,79,54,15,8,20,female,NA,NA,yes,yes,3,0,yes,NA,2,no,2021-10-24,5,baiama,baiama_2_1_5_206,2021-10-24T15:22:13Z,1635088986533.jpg,1635088996373.jpg,no,uuid:dfb6dce9-1dc8-4c25-a5f7-a376b1af3fd2,crocidura,002
2_BAI_001,149,1,lophuromys_sikapusi,NA,68,125,76,20,17,30,male,external,yes,NA,NA,NA,NA,yes,NA,2,no,2021-10-24,4,baiama,baiama_2_1_4_149,2021-10-24T15:14:09Z,1635088638954.jpg,1635088655890.jpg,no,uuid:328fcac1-fbc1-4ccf-bef4-dafc7b560a6a,lophuromys,001
4_SEI_023,292,4,mastomys_spp,NA,40,119,105,23,16,31,female,NA,NA,yes,yes,9,0,yes,NA,4,yes,2021-10-20,6,seilama,seilama_4_4_6_292,2021-10-20T12:04:40Z,1634731636993.jpg,1634731648813.jpg,no,uuid:9fadcbb6-d232-4ef6-aafe-334fff395bfa,mastomys,023
4_SEI_022,279,4,proamys_spp,NA,27,96,118,22,17,22,female,NA,NA,yes,yes,3,0,yes,NA,4,yes,2021-10-20,6,seilama,seilama_4_4_6_279,2021-10-20T12:00:36Z,1634731324522.jpg,1634731333776.jpg,no,uuid:345bcb59-a7e7-4177-b07d-da27c674779b,proamys,022
4_SEI_021,140,4,mastomys_spp,NA,9,68,55,18,13,19,female,NA,NA,no,no,NA,0,yes,NA,4,yes,2021-10-20,3,seilama,seilama_4_4_3_140,2021-10-20T11:55:40Z,1634730986886.jpg,1634730994350.jpg,no,uuid:8940a0bc-2b89-4260-8d4e-838ec0aecada,mastomys,021
4_SEI_020,132,4,mastomys_spp,NA,69,133,115,27,18,25,male,external,yes,NA,NA,NA,NA,yes,NA,4,yes,2021-10-20,3,seilama,seilama_4_4_3_132,2021-10-20T11:49:54Z,1634730694284.jpg,1634730704985.jpg,no,uuid:10c73221-64ae-4e9f-ad84-ca1b2e978f12,mastomys,020
4_SEI_019,93,4,mus_minutoides,NA,13,80,46,15,10,20,male,external,yes,NA,NA,NA,NA,yes,NA,4,yes,2021-10-20,2,seilama,seilama_4_4_2_93,2021-10-20T11:34:51Z,1634730385116.jpg,1634730393856.jpg,no,uuid:aabe69c3-dbc2-444a-9e4c-b0c54eaaa7ab,mus,019
4_SEI_018,239,3,hybomys_spp,NA,53,120,44,27,19,30,male,external,yes,NA,NA,NA,NA,yes,NA,4,yes,2021-10-19,5,seilama,seilama_4_3_5_239,2021-10-19T12:17:16Z,1634646035727.jpg,1634646049066.jpg,yes,uuid:44df6c7a-ab7c-4ed5-8223-2e583395fb17,hybomys,018
4_SEI_017,188,3,lophuromys_sikapusi,NA,50,118,60,22,17,29,male,internal,yes,NA,NA,NA,NA,yes,NA,4,yes,2021-10-19,4,seilama,seilama_4_3_4_188,2021-10-19T12:09:46Z,1634645532063.jpg,1634645544230.jpg,no,uuid:3272d377-f5f1-416c-87f8-f7d2a80b8c03,lophuromys,017
4_SEI_016,171,3,lophuromys_sikapusi,NA,65,126,66,20,16,29,female,NA,NA,yes,yes,3,0,yes,NA,4,yes,2021-10-19,4,seilama,seilama_4_3_4_171,2021-10-19T11:59:52Z,1634645135271.jpg,1634645148886.jpg,no,uuid:1c3b5eae-b906-4297-8141-2a670ddb4224,lophuromys,016
4_SEI_015,170,3,crocidura_spp,NA,15,87,58,15,10,25,male,internal,no,NA,NA,NA,NA,yes,NA,4,yes,2021-10-19,4,seilama,seilama_4_3_4_170,2021-10-19T11:51:52Z,1634644500917.jpg,1634644512705.jpg,no,uuid:c64ac491-3fda-452b-80eb-18e1b59cc025,crocidura,015
4_SEI_014,161,3,lophuromys_sikapusi,NA,65,130,69,22,17,29,male,external,yes,NA,NA,NA,NA,yes,NA,4,yes,2021-10-19,4,seilama,seilama_4_3_4_161,2021-10-19T11:45:36Z,1634644069943.jpg,1634644089381.jpg,yes,uuid:a2de8737-b124-4f2f-bdb3-6828970179db,lophuromys,014
4_SEI_013,44,3,proamys_spp,NA,36,110,115,25,17,30,female,NA,NA,yes,yes,3,3,yes,NA,4,yes,2021-10-19,1,seilama,seilama_4_3_1_44,2021-10-19T11:37:16Z,1634643625766.jpg,1634643643241.jpg,no,uuid:eaae7b3b-2059-4534-8b8d-716298665ce6,proamys,013
4_SEI_010,313,1,mastomys_spp,NA,59,129,114,22,18,27,female,NA,NA,yes,yes,9,0,yes,NA,4,yes,2021-10-17,7,seilama,seilama_4_1_7_313,2021-10-17T15:16:07Z,1634483856725.jpg,1634483869149.jpg,no,uuid:fcc916a3-c49d-4e5e-8f79-e2607adc0561,mastomys,010
4_SEI_009,259,1,lophuromys_spp,NA,62,125,79,22,17,30,female,NA,NA,yes,yes,3,3,yes,NA,4,yes,2021-10-17,6,seilama,seilama_4_1_6_259,2021-10-17T15:03:59Z,1634483391497.jpg,1634483403825.jpg,no,uuid:beb6ed48-17df-4baa-acc8-59356df5577f,lophuromys,009
4_SEI_008,181,1,lophuromys_spp,NA,82,130,49,22,20,34,female,NA,NA,yes,yes,4,2,yes,NA,4,yes,2021-10-17,4,seilama,seilama_4_1_4_181,2021-10-17T14:58:30Z,1634482935266.jpg,1634482944328.jpg,yes,uuid:87ed569b-28e4-4fc8-98e2-de858c87dfd2,lophuromys,008
4_SEI_007,56,1,proamys_spp,NA,53,121,123,25,19,35,female,NA,NA,yes,yes,3,4,yes,NA,4,yes,2021-10-17,2,seilama,seilama_4_1_2_56,2021-10-17T14:49:28Z,1634482346860.jpg,1634482355176.jpg,yes,uuid:2404c2ca-c6cf-4aac-8634-dd8ce5fe1540,proamys,007
4_SEI_006,52,1,mastomys_spp,NA,43,125,103,22,17,30,female,NA,NA,yes,yes,9,2,yes,NA,4,yes,2021-10-17,2,seilama,seilama_4_1_2_52,2021-10-17T14:39:26Z,1634481761039.jpg,1634481770007.jpg,yes,uuid:6bb0239b-428f-46de-9bd7-b0095ac589f3,mastomys,006
4_SEI_005,42,1,proamys_spp,NA,17,85,95,22,17,20,male,external,yes,NA,NA,NA,NA,yes,NA,4,yes,2021-10-17,1,seilama,seilama_4_1_1_42,2021-10-17T14:30:56Z,1634481275164.jpg,1634481283500.jpg,no,uuid:52a3054f-635d-463e-89cb-22863c5c3176,proamys,005
4_SEI_004,41,1,mastomys_spp,NA,19,88,0,15,10,30,female,NA,NA,yes,yes,5,3,yes,NA,4,no,2021-10-17,1,seilama,seilama_4_1_1_41,2021-10-17T14:23:30Z,1634480787604.jpg,1634480799772.jpg,yes,uuid:aacf5c6c-7a58-4620-8866-0f52282a5567,mastomys,004
4_SEI_003,31,1,crocidura_spp,NA,17,93,70,18,10,27,female,NA,NA,yes,yes,3,0,yes,NA,4,yes,2021-10-17,1,seilama,seilama_4_1_1_31,2021-10-17T14:14:51Z,1634480375584.jpg,1634480386202.jpg,no,uuid:8d695758-6a36-40fd-96b1-305f594a1f28,crocidura,003
4_SEI_002,12,1,mus_spp,NA,8,63,52,15,10,18,female,NA,NA,yes,yes,3,1,yes,NA,4,yes,2021-10-17,1,seilama,seilama_4_1_1_12,2021-10-17T14:02:37Z,1634479628907.jpg,1634479636618.jpg,no,uuid:4a346767-63a4-4b4f-a3f0-d15aff5ca2fa,mus,002
4_SEI_001,2,1,lophuromys_spp,NA,62,121,60,22,17,30,female,NA,NA,yes,yes,3,2,yes,NA,4,yes,2021-10-17,1,seilama,seilama_4_1_1_2,2021-10-17T13:53:08Z,1634479219504.jpg,1634479227900.jpg,no,uuid:28a750fa-ee00-42fc-aa67-9cdaf3d8919a,lophuromys,001
4_LAL_028,314,4,crocidura_spp,NA,14,88,50,18,7,28,female,NA,NA,yes,yes,2,0,yes,NA,4,yes,2021-10-15,6,lalehun,lalehun_4_4_6_314,2021-10-15T13:38:24Z,1634305274849.jpg,1634305297476.jpg,no,uuid:541b64c1-eedd-4220-ba3c-faf7c9c79c43,crocidura,028
4_LAL_027,274,4,crocidura_spp,NA,32,120,74,21,9,36,female,NA,NA,yes,yes,2,0,yes,NA,4,no,2021-10-15,6,lalehun,lalehun_4_4_6_274,2021-10-15T13:30:45Z,1634304795137.jpg,1634304812322.jpg,no,uuid:6fedbd50-cdad-4004-b421-af56e9da81df,crocidura,027
4_LAL_026,272,4,rattus_rattus,NA,24,100,115,28,20,29,male,internal,yes,NA,NA,NA,NA,yes,NA,4,yes,2021-10-15,6,lalehun,lalehun_4_4_6_272,2021-10-15T13:21:29Z,1634304264389.jpg,1634304277051.jpg,no,uuid:6ffcdc25-80b2-4863-ae69-c7fe91eab398,rattus,026
4_LAL_025,271,4,mastomys_spp,NA,57,119,125,26,24,39,female,NA,NA,yes,yes,4,0,yes,NA,4,yes,2021-10-15,7,lalehun,lalehun_4_4_7_271,2021-10-15T13:12:21Z,1634303846954.jpg,1634303864845.jpg,no,uuid:3e7b6a56-9758-4765-bb29-66c0d8d6057c,mastomys,025
4_LAL_024,267,4,rattus_rattus,NA,63,130,170,33,27,45,female,NA,NA,yes,yes,3,0,yes,NA,4,yes,2021-10-15,6,lalehun,lalehun_4_4_6_267,2021-10-15T13:01:45Z,1634303165167.jpg,1634303185383.jpg,no,uuid:2546be8c-00f8-43ac-93af-50e96f19ac0a,rattus,024
4_LAL_023,249,4,mastomys_spp,NA,20,88,95,24,17,33,female,NA,NA,yes,yes,3,0,yes,NA,4,yes,2021-10-15,5,lalehun,lalehun_4_4_5_249,2021-10-15T12:54:48Z,1634302604014.jpg,1634302631597.jpg,no,uuid:0428fbca-5684-4046-ae3a-d5e39e10aa78,mastomys,023
4_LAL_022,125,4,mus_musculoides,NA,13,75,53,16,12,23,female,NA,NA,yes,yes,3,0,yes,NA,4,yes,2021-10-15,3,lalehun,lalehun_4_4_3_125,2021-10-15T12:45:06Z,1634301968968.jpg,1634301989736.jpg,no,uuid:e63dec23-faac-4a12-b429-9871b7b121c3,mus,022
4_LAL_021,103,4,crocidura_spp,NA,25,95,65,18,8,28,female,NA,NA,yes,yes,3,2,yes,NA,4,yes,2021-10-15,3,lalehun,lalehun_4_4_3_103,2021-10-15T12:31:54Z,1634301434228.jpg,1634301459355.jpg,no,uuid:23d8f4bc-0400-4f7e-b19a-31c2ff2b7c62,crocidura,021
4_LAL_012,277,2,mastomys_natalensis,NA,52,138,128,18,14,42,female,NA,NA,yes,yes,7,0,yes,NA,4,yes,2021-10-13,7,lalehun,lalehun_4_2_7_277,2021-10-13T14:27:50Z,1634135395281.jpg,1634135406608.jpg,no,uuid:a190dced-187f-4320-b42a-c22a23a00be7,mastomys,012
4_LAL_011,278,2,mastomys_natalensis,NA,60,142,122,23,17,42,male,external,yes,NA,NA,NA,NA,yes,NA,4,yes,2021-10-13,7,lalehun,lalehun_4_2_7_278,2021-10-13T14:11:30Z,1634134516124.jpg,1634134551840.jpg,no,uuid:1708e191-a515-4311-a6f0-286fb375560f,mastomys,011
4_LAL_010,271,2,rattus_rattus,NA,59,142,192,29,22,36,male,external,yes,NA,NA,NA,NA,yes,NA,4,yes,2021-10-13,7,lalehun,lalehun_4_2_7_271,2021-10-13T13:48:57Z,1634133042149.jpg,1634133060110.jpg,no,uuid:446a549f-4aa6-40fe-aff2-450b6e86194f,rattus,010
4_LAL_009,269,2,rattus_rattus,NA,156,182,210,35,24,55,male,external,yes,NA,NA,NA,NA,yes,NA,4,yes,2021-10-13,7,lalehun,lalehun_4_2_7_269,2021-10-13T13:33:18Z,1634132094348.jpg,1634132116781.jpg,no,uuid:73741faa-8a10-4eb4-ba5a-ae648318182f,rattus,009
4_LAL_008,249,2,mastomys_natalensis,NA,20,94,86,22,15,30,male,internal,no,NA,NA,NA,NA,yes,NA,4,yes,2021-10-13,7,lalehun,lalehun_4_2_7_249,2021-10-13T13:16:20Z,1634131135107.jpg,1634131150668.jpg,no,uuid:de5d0e82-1bc4-4cc5-88b1-2ed1fd54046a,mastomys,008
4_LAL_007,142,2,mastomys_natalensis,NA,19,97,81,19,14,28,male,internal,no,NA,NA,NA,NA,yes,NA,4,yes,2021-10-13,3,lalehun,lalehun_4_2_3_142,2021-10-13T12:59:29Z,1634130148236.jpg,1634130167750.jpg,no,uuid:e25827b5-c071-4e1f-9538-573bbd05b545,mastomys,007
4_LAL_006,116,2,lophuromys_sikapusi,NA,35,118,71,22,16,39,female,NA,NA,yes,yes,3,0,yes,NA,4,no,2021-10-13,3,lalehun,lalehun_4_2_3_116,2021-10-13T12:35:18Z,1634128889182.jpg,1634128908697.jpg,no,uuid:b0d401e1-791c-4215-a101-b5b2bae84a46,lophuromys,006
3_SEI_024,141,4,crocidura_spp,NA,22,119,70,20,12,35,male,internal,no,NA,NA,NA,NA,no,NA,3,yes,2021-07-19,4,seilama,seilama_3_4_4_141,2021-07-19T19:00:20Z,NA,NA,no,uuid:1948aa4c-d75f-4b3f-b65d-7c62e7ece34f,crocidura,024
3_SEI_022,7,4,crocidura_spp,NA,34,122,70,18,13,30,female,NA,NA,yes,yes,3,2,no,NA,3,no,2021-07-19,1,seilama,seilama_3_4_1_7,2021-07-19T18:50:27Z,NA,NA,no,uuid:54836f87-3a3c-4e03-9272-e7e0725c5d1e,crocidura,022
3_SEI_023,93,4,mus_spp,NA,16,74,48,15,11,22,male,external,yes,NA,NA,NA,NA,no,NA,3,yes,2021-07-19,2,seilama,seilama_3_4_2_93,2021-07-19T18:56:55Z,NA,NA,no,uuid:5aeccc9e-a1f8-4148-97ea-778f79603717,mus,023
3_SEI_021,142,4,proamys_spp,NA,50,127,147,25,19,30,female,NA,NA,yes,yes,3,0,no,NA,3,no,2021-07-15,4,seilama,seilama_3_4_4_142,2021-07-15T12:19:01Z,NA,NA,no,uuid:9cdcb99d-fc99-4cfa-83f6-0336547c9648,proamys,021
3_SEI_020,151,3,crocidura_spp,NA,23,111,74,18,12,30,female,NA,NA,yes,yes,3,3,yes,NA,3,yes,2021-07-15,3,seilama,seilama_3_3_3_151,2021-07-15T12:09:27Z,1626351032447.jpg,1626351043480.jpg,no,uuid:a899d076-7d8a-4edb-8e9a-0f6f5fcc0fc0,crocidura,020
3_SEI_019,58,3,proamys_spp,NA,52,125,116,23,19,30,female,NA,NA,yes,yes,3,2,yes,NA,3,yes,2021-07-15,2,seilama,seilama_3_3_2_58,2021-07-15T12:02:56Z,1626350709033.jpg,1626350720254.jpg,yes,uuid:871eb278-2d68-4bd2-901e-9b2197f43191,proamys,019
3_SEI_018,225,3,proamys_spp,NA,37,112,148,25,18,31,male,external,yes,NA,NA,NA,NA,yes,NA,3,yes,2021-07-15,5,seilama,seilama_3_3_5_225,2021-07-15T11:58:30Z,1626350458350.jpg,1626350467096.jpg,no,uuid:24ed863a-356b-4e68-b6a3-aa35d72b2553,proamys,018
3_SEI_017,158,3,crocidura_spp,NA,22,117,70,19,9,30,female,NA,NA,yes,yes,6,3,yes,NA,3,yes,2021-07-15,3,seilama,seilama_3_3_3_158,2021-07-15T11:52:36Z,1626350183524.jpg,1626350201985.jpg,no,uuid:c38993f1-fcc1-4c5b-9e82-2b9742043354,crocidura,017
3_SEI_016,37,3,proamys_spp,NA,54,122,147,24,18,33,female,NA,NA,yes,yes,3,0,yes,NA,3,yes,2021-07-15,1,seilama,seilama_3_3_1_37,2021-07-15T11:43:01Z,1626349855400.jpg,1626349870158.jpg,no,uuid:3b0306dd-f5d3-4cac-8a32-256b3711bdf6,proamys,016
3_SEI_015,271,2,lophuromys_spp,NA,55,128,37,20,16,27,male,external,yes,NA,NA,NA,NA,yes,NA,3,yes,2021-07-14,6,seilama,seilama_3_2_6_271,2021-07-14T13:36:06Z,1626269925175.jpg,1626269935629.jpg,yes,uuid:954f4d68-7cb1-4f33-b25c-732b3fce18f7,lophuromys,015
3_SEI_014,218,2,lemniscomys_spp,NA,51,128,100,27,19,30,female,NA,NA,yes,yes,2,0,yes,NA,3,yes,2021-07-14,5,seilama,seilama_3_2_5_218,2021-07-14T13:30:40Z,1626269479908.jpg,1626269491451.jpg,no,uuid:d202daaf-41cc-4d40-9596-66e7a11a8827,lemniscomys,014
3_SEI_013,192,2,mastomys_spp,NA,60,130,108,24,20,34,female,NA,NA,yes,yes,9,0,yes,NA,3,yes,2021-07-14,3,seilama,seilama_3_2_3_192,2021-07-14T13:19:29Z,1626268867597.jpg,1626268881746.jpg,no,uuid:cf31a951-d87d-4c68-9cbd-0f17c99d8f5f,mastomys,013
3_SEI_012,167,2,crocidura_spp,NA,17,97,58,15,10,25,male,internal,no,NA,NA,NA,NA,yes,NA,3,yes,2021-07-14,3,seilama,seilama_3_2_3_167,2021-07-14T13:10:09Z,1626268335321.jpg,1626268350894.jpg,no,uuid:16be8c1e-f551-42d0-a3e9-4c04e42bc319,crocidura,012
3_SEI_011,130,2,mus_spp,NA,7,66,55,11,10,18,female,NA,NA,yes,yes,3,5,yes,NA,3,no,2021-07-14,4,seilama,seilama_3_2_4_130,2021-07-14T13:02:48Z,1626267847771.jpg,1626267859835.jpg,no,uuid:8f0ec6f4-ee6a-457a-b1ff-faaf7533e29d,mus,011
3_SEI_010,73,2,proamys_spp,NA,40,118,148,225,18,31,female,NA,NA,yes,yes,3,3,yes,NA,3,yes,2021-07-14,2,seilama,seilama_3_2_2_73,2021-07-14T12:54:43Z,1626267307121.jpg,1626267317950.jpg,yes,uuid:5109fe10-e9eb-49e5-b605-f1015e4a952e,proamys,010
3_SEI_009,2,2,crocidura_spp,NA,14,90,68,16,8,28,male,internal,no,NA,NA,NA,NA,yes,NA,3,no,2021-07-14,1,seilama,seilama_3_2_1_2,2021-07-14T12:39:16Z,1626266554919.jpg,1626266574348.jpg,yes,uuid:36f9feae-ad3d-432a-a910-f430a7ad0974,crocidura,009
3_SEI_008,274,2,crocidura_spp,NA,12,85,67,15,15,25,male,internal,no,NA,NA,NA,NA,yes,NA,3,yes,2021-07-14,6,seilama,seilama_3_2_6_274,2021-07-14T12:32:57Z,1626266109937.jpg,1626266132699.jpg,yes,uuid:ead89b8d-a175-482b-a5fb-aef354cf9078,crocidura,008
3_SEI_007,181,1,mastomys_natalensis,NA,8,142,122,24,18,30,male,external,yes,NA,NA,NA,NA,yes,NA,3,yes,2021-07-13,3,seilama,seilama_3_1_3_181,2021-07-13T14:45:45Z,1626187623694.jpg,1626187634679.jpg,yes,uuid:01d3fe26-ebfd-42da-b94e-eadc27a9bf62,mastomys,007
3_SEI_006,93,1,mus_minutoides,NA,14,78,52,13,10,20,male,external,yes,NA,NA,NA,NA,yes,NA,3,yes,2021-07-13,2,seilama,seilama_3_1_2_93,2021-07-13T14:34:27Z,1626187034566.jpg,1626187050180.jpg,yes,uuid:f7176232-867b-41f1-989e-0b4ebb2fc4ee,mus,006
3_SEI_005,62,1,proamys_spp,NA,50,129,148,24,19,30,female,NA,NA,yes,yes,3,3,yes,NA,3,yes,2021-07-13,2,seilama,seilama_3_1_2_62,2021-07-13T14:26:16Z,1626186542135.jpg,1626186556126.jpg,yes,uuid:17d5d6b6-4012-44c7-9dba-17c27de7a023,proamys,005
3_SEI_004,51,1,proamys_spp,NA,33,110,135,25,17,27,female,NA,NA,yes,yes,3,0,yes,NA,3,yes,2021-07-13,2,seilama,seilama_3_1_2_51,2021-07-13T14:20:31Z,1626186057137.jpg,1626186069218.jpg,yes,uuid:ae7dbb90-194c-4bfd-92d8-4e3ffe9112ef,proamys,004
3_SEI_003,42,1,crocidura_spp,NA,36,126,70,19,12,32,female,NA,NA,yes,yes,3,0,yes,NA,3,yes,2021-07-13,1,seilama,seilama_3_1_1_42,2021-07-13T14:11:24Z,1626185529101.jpg,1626185542892.jpg,yes,uuid:b34adfc0-807e-45d0-8c37-e1b697879931,crocidura,003
3_SEI_002,16,1,crocidura_spp,NA,31,130,78,18,11,30,female,NA,NA,yes,yes,3,3,yes,NA,3,yes,2021-07-13,1,seilama,seilama_3_1_1_16,2021-07-13T14:02:48Z,1626184996305.jpg,1626185008022.jpg,yes,uuid:93facced-8158-4733-a537-7dd5bc57eeb8,crocidura,002
3_SEI_001,53,1,rattus_rattus,NA,22,99,155,25,15,28,female,NA,NA,yes,yes,3,0,yes,NA,3,yes,2021-07-13,2,seilama,seilama_3_1_2_53,2021-07-13T13:50:41Z,1626184502659.jpg,1626184522885.jpg,yes,uuid:1d07ae4e-8046-4329-b2c5-53830c27788f,rattus,001
3_LAL_013,208,4,mus_minutoides,NA,18,79,55,12,15,22,female,NA,NA,yes,yes,3,0,yes,NA,3,yes,2021-07-12,5,lalehun,lalehun_3_4_5_208,2021-07-12T10:50:03Z,1626087226360.jpg,1626087237299.jpg,no,uuid:5fa9289c-1e60-444c-a231-c81cd1b6ce8e,mus,013
3_LAL_012,154,4,crocidura_spp,NA,35,126,75,20,10,34,male,internal,yes,NA,NA,NA,NA,yes,NA,3,yes,2021-07-12,2,lalehun,lalehun_3_4_2_154,2021-07-12T10:41:06Z,1626086614497.jpg,1626086630249.jpg,no,uuid:930d66cc-aa1c-40ee-8cdc-b252b6fc5e05,crocidura,012
3_LAL_011,250,4,crocidura_spp,NA,27,115,73,16,13,35,female,NA,NA,yes,yes,3,0,yes,NA,3,yes,2021-07-12,4,lalehun,lalehun_3_4_4_250,2021-07-12T10:32:49Z,1626086109830.jpg,1626086121790.jpg,no,uuid:00437874-95c4-43f7-b1ee-982f423b5db9,crocidura,011
3_LAL_010,127,4,crocidura_spp,NA,23,110,80,19,8,30,male,internal,yes,NA,NA,NA,NA,yes,NA,3,no,2021-07-12,6,lalehun,lalehun_3_4_6_127,2021-07-12T10:23:30Z,1626085536821.jpg,1626085549378.jpg,no,uuid:84a7dda4-516e-47c5-929a-5073aadd1071,crocidura,010
3_LAL_009,146,4,rattus_rattus,NA,23,95,109,24,18,25,female,NA,NA,yes,yes,3,0,yes,NA,3,yes,2021-07-12,6,lalehun,lalehun_3_4_6_146,2021-07-12T10:17:03Z,1626085087396.jpg,1626085098265.jpg,no,uuid:1e281805-d706-4e20-be94-7ae3d29aeb31,rattus,009
3_LAL_008,136,4,rattus_rattus,NA,49,128,164,28,20,34,female,NA,NA,yes,yes,3,0,yes,NA,3,yes,2021-07-12,6,lalehun,lalehun_3_4_6_136,2021-07-12T10:06:30Z,1626084589115.jpg,1626084604402.jpg,no,uuid:1341a5a8-aacd-4359-9fd8-f66520cefd02,rattus,008
3_LAL_007,97,3,mastomys_natalensis,NA,52,121,114,24,18,32,female,NA,NA,yes,yes,9,0,yes,NA,3,yes,2021-07-11,3,lalehun,lalehun_3_3_3_97,2021-07-11T09:51:58Z,1625997760859.jpg,1625997779872.jpg,no,uuid:240624e8-2a81-4042-9611-006d27d44447,mastomys,007
3_LAL_006,44,2,crocidura_spp,NA,33,130,83,19,10,40,female,NA,NA,yes,yes,3,NA,yes,NA,3,no,2021-07-10,1,lalehun,lalehun_3_2_1_44,2021-07-10T11:07:31Z,1625915645312.jpg,1625915661826.jpg,no,uuid:411b5fae-58b0-4f36-a2c0-256c4fb3e675,crocidura,006
3_LAL_005,2,2,mastomys_natalensis,NA,47,131,122,22,16,33,female,NA,NA,yes,yes,8,NA,yes,NA,3,yes,2021-07-10,1,lalehun,lalehun_3_2_1_2,2021-07-10T10:57:47Z,1625914759222.jpg,1625914781157.jpg,no,uuid:fae7b16a-0a67-45d4-af8f-1b0a6e2d5832,mastomys,005
3_LAL_004,170,1,crocidura_spp,NA,21,104,69,15,7,30,male,external,yes,NA,NA,NA,NA,yes,NA,3,yes,2021-07-09,2,lalehun,lalehun_3_1_2_170,2021-07-09T12:44:04Z,1625834667665.jpg,1625834676666.jpg,yes,uuid:74bee2c9-5817-49a2-aaaa-4d4bf2caa182,crocidura,004
3_LAL_003,55,1,proamys_spp,NA,80,85,20,17,15,25,male,external,yes,NA,NA,NA,NA,yes,NA,3,yes,2021-07-09,3,lalehun,lalehun_3_1_3_55,2021-07-09T12:34:54Z,1625834153165.jpg,1625834165906.jpg,yes,uuid:53527e85-a218-4068-b5ed-160cd0f9cb1d,proamys,003
3_LAL_002,48,1,crocidura_spp,NA,25,120,75,20,11,34,male,external,yes,NA,NA,NA,NA,yes,NA,3,yes,2021-07-09,1,lalehun,lalehun_3_1_1_48,2021-07-09T12:24:51Z,1625833517302.jpg,1625833530251.jpg,yes,uuid:23fc8b1a-bd1d-429c-8c23-bcd13baeba8b,crocidura,002
3_LAL_001,14,1,crocidura_spp,NA,29,122,75,20,12,29,female,NA,NA,yes,yes,2,0,yes,NA,3,yes,2021-07-09,1,lalehun,lalehun_3_1_1_14,2021-07-09T12:11:33Z,1625833069954.jpg,1625833080574.jpg,yes,uuid:e7cb2ab7-2203-4acf-aadd-4da01fa2b58d,crocidura,001
1_BAI_002,22,2,proamys_spp,NA,46,102,132,26,19,35,female,NA,NA,yes,yes,4,3,no,NA,1,yes,2021-07-06,1,baiama,baiama_1_2_1_22,2021-07-06T16:35:56Z,NA,NA,no,uuid:0acb5329-fbe5-4ea2-a2b6-b51e0df51955,proamys,002
1_BAI_001,194,1,crocidura_spp,NA,21,84,60,15,8,23,male,internal,no,NA,NA,NA,NA,no,NA,1,no,2021-07-06,4,baiama,baiama_1_1_4_194,2021-07-06T16:20:42Z,NA,NA,no,uuid:bef48975-6782-4abc-9b67-7e16fd4b9dc6,crocidura,001
1_LAM_006,44,4,crocidura_spp,NA,33,120,68,19,9,34,female,NA,NA,yes,yes,3,0,yes,NA,1,no,2021-07-02,1,lambayama,lambayama_1_4_1_44,2021-07-02T11:54:49Z,1625227009797.jpg,1625227020579.jpg,no,uuid:d6b9caf1-643d-4668-be7e-eda0f6f9d7b1,crocidura,006
1_LAM_005,151,4,crocidura_spp,NA,34,99,70,18,10,30,female,NA,NA,yes,yes,3,3,yes,NA,1,no,2021-07-02,4,lambayama,lambayama_1_4_4_151,2021-07-02T11:46:15Z,1625226494540.jpg,1625226510341.jpg,no,uuid:952bff1c-6cc0-409d-8113-4c59df93531b,crocidura,005
1_LAM_004,48,4,crocidura_spp,NA,33,127,176,18,11,40,female,NA,NA,yes,yes,3,0,yes,NA,1,no,2021-07-02,1,lambayama,lambayama_1_4_1_48,2021-07-02T11:37:06Z,1625226008566.jpg,1625226025186.jpg,no,uuid:3c9697ea-0702-4f14-9f5d-3806fdcb142e,crocidura,004
1_LAM_003,188,1,crocidura_spp,NA,45,140,85,18,12,35,male,internal,yes,NA,NA,NA,NA,no,NA,1,yes,2021-06-30,4,lambayama,lambayama_1_1_4_188,2021-06-30T11:42:08Z,NA,NA,no,uuid:f5740d48-cc5b-4a73-bd86-9df763a8d2dc,crocidura,003
1_LAM_002,110,1,crocidura_spp,NA,25,117,68,18,10,10,female,NA,NA,yes,yes,3,0,no,NA,1,yes,2021-06-30,3,lambayama,lambayama_1_1_3_110,2021-06-30T11:36:15Z,NA,NA,no,uuid:b077a4c4-c9a5-4105-b81b-5340e1fa7abf,crocidura,002
1_LAM_001,13,1,crocidura_spp,NA,138,99,78,19,10,39,male,external,yes,NA,NA,NA,NA,no,NA,1,no,2021-06-30,1,lambayama,lambayama_1_1_1_13,2021-06-30T11:29:45Z,NA,NA,no,uuid:d7585bac-7038-41e5-a5b2-f6ab2a74da41,crocidura,001
1_BAM_014,68,4,dasymys_spp,NA,64,129,116,25,19,32,male,external,yes,NA,NA,NA,NA,yes,NA,1,no,2021-06-27,2,bambawo,bambawo_1_4_2_68,2021-06-27T15:23:49Z,1624807693955.jpg,1624807717724.jpg,no,uuid:9f248cd5-5886-42a3-81f2-78295c3df3c7,dasymys,014
1_BAM_013,64,4,dasymys_spp,NA,55,19,124,22,17,35,female,NA,NA,yes,yes,6,0,yes,NA,1,yes,2021-06-27,2,bambawo,bambawo_1_4_2_64,2021-06-27T15:17:11Z,1624807202518.jpg,1624807216216.jpg,no,uuid:5a04ebf7-a2dd-4279-b221-0693e6ce912a,dasymys,013
1_BAM_012,132,4,lemniscomys_spp,NA,47,120,130,25,17,30,male,external,yes,NA,NA,NA,NA,yes,NA,1,yes,2021-06-27,4,bambawo,bambawo_1_4_4_132,2021-06-27T15:10:51Z,1624806809560.jpg,1624806821452.jpg,no,uuid:51aec77d-b0fb-48fc-ba9d-6579eb6f80fa,lemniscomys,012
1_BAM_011,2,4,mus_minutoides,NA,11,76,44,14,11,22,female,NA,NA,yes,yes,6,0,yes,NA,1,no,2021-06-27,1,bambawo,bambawo_1_4_1_2,2021-06-27T15:04:37Z,1624806358849.jpg,1624806374253.jpg,no,uuid:a601bd84-a2b3-4c88-b907-f64fcdd3857e,mus,011
1_BAM_010,199,4,crocidura_spp,NA,20,117,76,19,11,33,male,internal,yes,NA,NA,NA,NA,yes,NA,1,yes,2021-06-27,3,bambawo,bambawo_1_4_3_199,2021-06-27T14:55:54Z,1624805908841.jpg,1624805932019.jpg,no,uuid:a3a2b97a-c23d-402b-b36c-8d10ad6a5024,crocidura,010
1_BAM_009,203,4,lophuromys_sikapusi,NA,69,125,70,22,16,30,female,NA,NA,yes,yes,4,2,no,NA,1,no,2021-06-27,4,bambawo,bambawo_1_4_4_203,2021-06-27T14:47:27Z,NA,NA,no,uuid:460457f1-3cb1-4d47-a27d-16ed8082c4be,lophuromys,009
1_BAM_008,183,3,mus_minutoides,NA,7,53,48,13,8,24,male,external,yes,NA,NA,NA,NA,no,NA,1,no,2021-06-26,3,bambawo,bambawo_1_3_3_183,2021-06-26T12:22:46Z,1624710319333.jpg,NA,no,uuid:adf45df5-4320-4297-8f6a-d9e27b128f9a,mus,"008
"
1_BAM_007,213,2,mus_minutoides,NA,7,63,57,14,9,15,male,external,yes,NA,NA,NA,NA,yes,NA,1,yes,2021-06-25,4,bambawo,bambawo_1_2_4_213,2021-06-25T13:56:14Z,1624629557196.jpg,1624629571235.jpg,yes,uuid:acb21511-aa66-48d5-b386-67ffacbf95f4,mus,007
1_BAM_006,61,2,mastomys_natalensis,NA,55,125,116,22,19,30,male,external,yes,NA,NA,NA,NA,yes,NA,1,yes,2021-06-25,2,bambawo,bambawo_1_2_2_61,2021-06-25T13:49:57Z,1624629113602.jpg,1624629125440.jpg,yes,uuid:8bd0b0de-8515-45a2-b2d0-e9ef6de244fb,mastomys,006
1_BAM_005,184,2,mus_minutoides,NA,6,58,45,10,9,15,female,NA,NA,NA,NA,NA,2,yes,NA,1,no,2021-06-25,3,bambawo,bambawo_1_2_3_184,2021-06-25T13:41:16Z,1624628668702.jpg,1624628680515.jpg,yes,uuid:d5bdb712-b273-461c-9109-59bd81a687d8,mus,005
1_BAM_004,186,2,shrew_spp,NA,11,89,55,14,8,25,female,NA,NA,yes,no,NA,0,yes,NA,1,yes,2021-06-25,3,bambawo,bambawo_1_2_3_186,2021-06-25T13:34:17Z,1624628220228.jpg,1624628240005.jpg,yes,uuid:25c1781c-5ec1-4920-b6a4-dc0aa11c5949,shrew,004
1_BAM_003,155,2,lophuromys_spp,NA,60,129,73,22,15,30,female,NA,NA,yes,yes,3,2,no,NA,1,yes,2021-06-25,3,bambawo,bambawo_1_2_3_155,2021-06-25T13:19:48Z,NA,1624627578807.jpg,yes,uuid:9055a9cb-cde8-4c4b-a53e-18c74ad00b6e,lophuromys,003
1_BAM_002,13,1,proamys_spp,NA,34,104,135,21,19,26,female,NA,NA,yes,yes,3,3,no,NA,1,yes,2021-06-24,1,bambawo,bambawo_1_1_1_13,2021-06-24T14:11:42Z,NA,NA,no,uuid:458d1e7e-9e40-4df5-b3d4-236d665d5e91,proamys,002
1_BAM_001,9,1,mus_minutoides,NA,11,70,57,17,10,20,female,NA,NA,yes,no,NA,0,no,NA,1,yes,2021-06-24,1,bambawo,bambawo_1_1_1_9,2021-06-24T14:05:54Z,NA,NA,no,uuid:4b2556c4-528c-4e25-a5df-7a8eb22ac989,mus,001
