rodent_id,trap_number,trap_night,initial_species_id,group,weight,head_body,tail,hind_foot,ear,length_skull,sex,testes,seminal_vesicles,vagina_perforate,teats_visible,pairs_teats,number_embryos,photos_taken,notes,visit,all_samples,date_entered,study_site,village,trap_uid,dorsal_image_id,ventral_image_id,cut_tail,key,genus
LAL-01,21,1,l_sikapusi,rodent,79,140,78,22,17,40,male,outside,not_noted,na,na,NA,NA,y,NA,1,yes,2020-12-01,1,lalehun,lalehun_1_1_1_21,NA,NA,NA,NA,NA
LAL-02,46,1,crocidura_spp,shrew,39,137,84,20,11,44,male,inside,not_noted,na,na,NA,NA,y,NA,1,yes,2020-12-01,1,lalehun,lalehun_1_1_1_46,NA,NA,NA,NA,NA
LAL-03,102,1,l_striatus,rodent,55,118,123,26,18,29,female,na,na,open,visible,NA,6,y,NA,1,no,2020-12-02,2,lalehun,lalehun_1_1_2_102,NA,NA,NA,NA,NA
LAL-04,106,1,l_sikapusi,rodent,60.5,138,69,22,14,39,male,outside,developed,na,na,NA,NA,y,NA,1,yes,2020-12-02,2,lalehun,lalehun_1_1_2_106,NA,NA,NA,NA,NA
LAL-05,184,1,crocidura_spp,shrew,12,84,54,14,9,29,male,inside,not_noted,na,na,NA,NA,y,NA,1,no,2020-12-02,3b,lalehun,lalehun_1_1_3b_184,NA,NA,NA,NA,NA
LAL-06,28,3,m_minutoides,rodent,14,75,58,13,11,24,female,na,na,not_noted,visible,NA,3,y,NA,1,yes,2020-12-03,1,lalehun,lalehun_1_3_1_28,NA,NA,NA,NA,NA
LAL-07,40,3,m_minutoides,rodent,14,78,60,10.4,10,10.5,male,outside,not_noted,na,na,NA,NA,y,NA,1,yes,2020-12-03,1,lalehun,lalehun_1_3_1_40,NA,NA,NA,NA,NA
LAL-08,45,3,crocidura_spp,shrew,27,120,80,10.6,10,35,male,inside,not_noted,na,na,NA,NA,y,NA,1,yes,2020-12-03,1,lalehun,lalehun_1_3_1_45,NA,NA,NA,NA,NA
LAL-09,57,2,l_sikapusi,rodent,70,132,34,21,22,35,male,outside,not_noted,na,na,NA,NA,y,cut_tail,1,yes,2020-12-03,2,lalehun,lalehun_1_2_2_57,NA,NA,NA,NA,NA
LAL-10,104,2,l_sikapusi,rodent,74,139,60,20,17,35,male,outside,developed,na,na,NA,NA,y,NA,1,yes,2020-12-03,2,lalehun,lalehun_1_2_2_104,NA,NA,NA,NA,NA
LAL-11,105,2,l_sikapusi,rodent,55,124,80,22,19,34,female,na,na,open,barely_visible,NA,0,y,NA,1,yes,2020-12-03,2,lalehun,lalehun_1_2_2_105,NA,NA,NA,NA,NA
LAL-12,134,2,crocidura_spp,shrew,29,119,74,17,11,34,female,na,na,open,visible,NA,3,y,NA,1,yes,2020-12-03,2,lalehun,lalehun_1_2_2_134,NA,NA,NA,NA,NA
LAL-13,184,2,crocidura_spp,shrew,25,117,67,17,10,34,female,na,na,not_noted,not_noted,NA,0,y,NA,1,yes,2020-12-03,3b,lalehun,lalehun_1_2_3b_184,NA,NA,NA,NA,NA
LAL-14,248,1,crocidura_spp,shrew,25,114,50,16,10,29,male,inside,not_noted,na,na,NA,NA,y,NA,1,yes,2020-12-03,6,lalehun,lalehun_1_1_6_248,NA,NA,NA,NA,NA
LAL-15,252,1,crocidura_spp,shrew,17,93,55,14,7,25,male,inside,not_noted,na,na,NA,NA,y,NA,1,yes,2020-12-03,6,lalehun,lalehun_1_1_6_252,NA,NA,NA,NA,NA
LAL-16,263,1,crocidura_spp,shrew,10.1,89,57,14,7,29,male,inside,not_noted,na,na,NA,NA,y,NA,1,yes,2020-12-03,6,lalehun,lalehun_1_1_6_263,NA,NA,NA,NA,NA
LAL-17,11,4,m_minutoides,rodent,13,73,56,16,12,25,female,na,na,open,not_noted,NA,5,y,NA,1,yes,2020-12-04,1,lalehun,lalehun_1_4_1_11,NA,NA,NA,NA,NA
LAL-18,57,3,l_sikapusi,rodent,67,133,70,23,17,33,male,outside,developed,na,na,NA,NA,y,NA,1,yes,2020-12-04,2,lalehun,lalehun_1_3_2_57,NA,NA,NA,NA,NA
LAL-19,59,3,l_sikapusi,rodent,73,132,72,24,17,37,female,na,na,open,not_noted,NA,3,y,NA,1,yes,2020-12-04,2,lalehun,lalehun_1_3_2_59,NA,NA,NA,NA,NA
LAL-20,106,3,crocidura_spp,shrew,13,89,58,17,7,29,male,inside,not_noted,na,na,NA,NA,y,NA,1,no,2020-12-04,2,lalehun,lalehun_1_3_2_106,NA,NA,NA,NA,NA
LAL-21,184,3,crocidura_spp,shrew,25,117,57,18,9,32,female,na,na,open,not_noted,NA,0,y,NA,1,no,2020-12-04,3b,lalehun,lalehun_1_3_3b_184,NA,NA,NA,NA,NA
LAL-22,254,2,crocidura_spp,shrew,13,88,65,15,7,24,male,inside,not_noted,na,na,NA,NA,y,NA,1,no,2020-12-04,6,lalehun,lalehun_1_2_6_254,NA,NA,NA,NA,NA
SEI-001,215,1,malacomys_edwardsi,rodent,42,113,152,26,22,41,female,na,na,open,not_noted,NA,3,y,NA,1,yes,2020-12-05,5,seilama,seilama_1_1_5_215,NA,NA,NA,NA,NA
SEI-002,18,1,m_minutoides,rodent,10,71,58,17,14,27,male,outside,not_noted,na,na,NA,NA,y,NA,1,yes,2020-12-05,1,seilama,seilama_1_1_1_18,NA,NA,NA,NA,NA
SEI-003,44,1,l_sikapusi,rodent,65,130,64,23,17,35,male,outside,developed,na,na,NA,NA,y,NA,1,yes,2020-12-05,1,seilama,seilama_1_1_1_44,NA,NA,NA,NA,NA
SEI-004,88,1,l_sikapusi,rodent,74,125,47,23,16,37,male,outside,developed,na,na,NA,NA,y,cut_tail,1,yes,2020-12-05,2,seilama,seilama_1_1_2_88,NA,NA,NA,NA,NA
SEI-005,138,1,malacomys_edwardsi,rodent,53,125,153,27,23,37,female,na,na,open,visible,2,0,y,evidence_previous_pregnancy,1,yes,2020-12-05,3,seilama,seilama_1_1_3_138,NA,NA,NA,NA,NA
SEI-006,147,1,malacomys_edwardsi,rodent,48,128,155,26,21,35,female,na,na,open,visible,2,0,y,lactating,1,no,2020-12-05,3,seilama,seilama_1_1_3_147,NA,NA,NA,NA,NA
SEI-007,177,1,crocidura_spp,shrew,24,106,78,23,9,36,female,na,na,not_noted,not_noted,NA,0,y,NA,1,yes,2020-12-05,4,seilama,seilama_1_1_4_177,NA,NA,NA,NA,NA
SEI-008,8,2,praomys_spp,rodent,53,116,132,27,19,35,male,outside,developed,na,na,NA,NA,y,NA,1,yes,2020-12-06,1,seilama,seilama_1_2_1_8,NA,NA,NA,NA,NA
SEI-009,22,2,praomys_spp,rodent,17,85,18,24,17,27,male,outside,developed,na,na,NA,NA,y,NA,1,yes,2020-12-06,1,seilama,seilama_1_2_1_22,NA,NA,NA,NA,NA
SEI-010,38,2,crocidura_spp,shrew,33,114,74,24,8,35,male,inside,developed,na,na,NA,NA,y,NA,1,no,2020-12-06,1,seilama,seilama_1_2_1_38,NA,NA,NA,NA,NA
SEI-011,52,2,praomys_spp,rodent,14,78,95,22,16,33,male,outside,developed,na,na,NA,NA,y,NA,1,yes,2020-12-06,2,seilama,seilama_1_2_2_52,NA,NA,NA,NA,NA
SEI-012,103,2,l_striatus,rodent,10,73,73,23,15,28,male,not_noted,developed,na,na,NA,NA,y,NA,1,yes,2020-12-06,3,seilama,seilama_1_2_3_103,NA,NA,NA,NA,NA
SEI-013,117,2,crocidura_spp,shrew,19,98,68,19,8,29,female,na,na,open,visible,NA,3,y,NA,1,no,2020-12-06,3,seilama,seilama_1_2_3_117,NA,NA,NA,NA,NA
SEI-014,131,2,praomys_spp,rodent,43,105,122,25,19,35,female,na,na,not_open,not_noted,6,0,y,NA,1,yes,2020-12-06,3,seilama,seilama_1_2_3_131,NA,NA,NA,NA,NA
SEI-015,133,2,praomys_spp,rodent,45,118,130,27,20,43,male,outside,developed,na,na,NA,NA,y,NA,1,yes,2020-12-06,3,seilama,seilama_1_2_3_133,NA,NA,NA,NA,NA
SEI-016,142,2,praomys_spp,rodent,9,61,93,17,16,22,female,na,na,not_open,barely_visible,NA,0,y,NA,1,yes,2020-12-06,3,seilama,seilama_1_2_3_142,NA,NA,NA,NA,NA
SEI-017,176,2,crocidura_spp,shrew,35,113,74,17,9,35,male,outside,developed,na,na,NA,NA,y,NA,1,no,2020-12-06,4,seilama,seilama_1_2_4_176,NA,NA,NA,NA,NA
SEI-018,161,2,gerbillinae_spp,rodent,180,174,172,38,25,57,female,na,na,open,visible,3,6,y,NA,1,yes,2020-12-06,4,seilama,seilama_1_2_4_161,NA,NA,NA,NA,NA
SEI-019,169,2,l_sikapusi,rodent,45,188,58,17,15,37,female,na,na,open,visible,2,0,y,NA,1,yes,2020-12-06,4,seilama,seilama_1_2_4_169,NA,NA,NA,NA,NA
SEI-020,196,2,l_sikapusi,rodent,55,115,NA,18,15,35,male,not_noted,developed,na,na,NA,NA,y,no_tail,1,yes,2020-12-06,4,seilama,seilama_1_2_4_196,NA,NA,NA,NA,NA
SEI-021,215,2,praomys_spp,rodent,53,123,143,27,19,45,male,outside,developed,na,na,NA,NA,y,NA,1,yes,2020-12-06,5,seilama,seilama_1_2_5_215,NA,NA,NA,NA,NA
SEI-022,219,2,praomys_spp,rodent,47,117,138,27,19,37,female,na,na,open,visible,3,4,y,NA,1,yes,2020-12-06,5,seilama,seilama_1_2_5_219,NA,NA,NA,NA,NA
SEI-023,223,2,malacomys_edwardsi,rodent,63,113,154,33,28,43,female,na,na,open,visible,2,3,y,NA,1,yes,2020-12-06,5,seilama,seilama_1_2_5_223,NA,NA,NA,NA,NA
SEI-024,226,2,praomys_spp,rodent,44,109,139,26,19,41,female,na,na,not_noted,visible,3,3,y,NA,1,yes,2020-12-06,5,seilama,seilama_1_2_5_226,NA,NA,NA,NA,NA
SEI-025,232,2,praomys_spp,rodent,37,105,118,26,19,36,female,na,na,open,visible,3,3,y,NA,1,yes,2020-12-06,5,seilama,seilama_1_2_5_232,NA,NA,NA,NA,NA
SEI-026,245,2,praomys_spp,rodent,31,105,133,26,19,39,female,na,na,open,visible,3,0,y,NA,1,yes,2020-12-06,5,seilama,seilama_1_2_5_245,NA,NA,NA,NA,NA
SEI-027,252,1,m_minutoides,rodent,10,69,47,17,13,26,female,na,na,open,visible,3,2,y,NA,1,yes,2020-12-06,6,seilama,seilama_1_1_6_252,NA,NA,NA,NA,NA
SEI-028,50,3,l_sikapusi,rodent,60,123,63,23,16,33,male,outside,developed,na,na,NA,NA,y,NA,1,yes,2020-12-07,2,seilama,seilama_1_3_2_50,NA,NA,NA,NA,NA
SEI-029,74,3,mastomys_spp,rodent,58,122,113,24,18,36,male,outside,developed,na,na,NA,NA,y,NA,1,yes,2020-12-07,2,seilama,seilama_1_3_2_74,NA,NA,NA,NA,NA
SEI-030,96,3,hylomyscus_spp,rodent,13,78,95,18,16,29,male,outside,developed,na,na,NA,NA,y,NA,1,yes,2020-12-07,2,seilama,seilama_1_3_2_96,NA,NA,NA,NA,NA
SEI-031,148,3,l_sikapusi,rodent,63,127,NA,23,17,38,male,outside,not_noted,na,na,NA,NA,y,no_tail,1,yes,2020-12-07,4,seilama,seilama_1_3_4_148,NA,NA,NA,NA,NA
SEI-032,167,3,l_sikapusi,rodent,58,124,58,23,17,37,male,outside,developed,na,na,NA,NA,y,NA,1,yes,2020-12-07,4,seilama,seilama_1_3_4_167,NA,NA,NA,NA,NA
SEI-033,191,3,praomys_spp,rodent,24,98,108,26,17,32,male,outside,not_noted,na,na,NA,NA,y,NA,1,yes,2020-12-07,4,seilama,seilama_1_3_4_191,NA,NA,NA,NA,NA
SEI-034,225,3,hylomyscus_spp,rodent,21,83,118,18,16,27,female,na,na,open,visible,3,3,y,NA,1,yes,2020-12-07,5,seilama,seilama_1_3_5_225,NA,NA,NA,NA,NA
SEI-035,243,3,hybomys_spp,rodent,24,95,77,33,18,33,male,outside,undeveloped,na,na,NA,NA,y,NA,1,yes,2020-12-07,5,seilama,seilama_1_3_5_243,NA,NA,NA,NA,NA
SEI-036,1,4,mastomys_spp,rodent,39,113,98,24,18,29,male,outside,developed,na,na,NA,NA,y,NA,1,yes,2020-12-08,1,seilama,seilama_1_4_1_1,NA,NA,NA,NA,NA
SEI-037,136,4,r_rattus,rodent,28,103,118,29,19,33,female,na,na,not_open,barely_visible,0,0,y,NA,1,yes,2020-12-08,3,seilama,seilama_1_4_3_136,NA,NA,NA,NA,NA
SEI-038,176,4,crocidura_spp,shrew,29,121,79,19,9,35,male,inside,not_noted,na,na,NA,NA,y,NA,1,yes,2020-12-08,4,seilama,seilama_1_4_4_176,NA,NA,NA,NA,NA
SEI-039,193,4,praomys_spp,rodent,43,113,138,27,19,45,female,na,na,open,visible,3,0,y,NA,1,yes,2020-12-08,4,seilama,seilama_1_4_4_193,NA,NA,NA,NA,NA
SEI-040,245,4,praomys_spp,rodent,43,117,143,27,20,35,female,na,na,not_open,visible,3,2,y,NA,1,yes,2020-12-08,5,seilama,seilama_1_4_5_245,NA,NA,NA,NA,NA
SEI-041,271,4,crocidura_spp,shrew,15,93,54,17,8,33,female,na,na,not_open,visible,2,0,y,NA,1,yes,2020-12-08,6,seilama,seilama_1_4_6_271,NA,NA,NA,NA,NA
SEI-042,276,4,r_rattus,rodent,105,149,188,37,24,42,female,na,na,open,visible,5,8,y,NA,1,yes,2020-12-08,6,seilama,seilama_1_4_6_276,NA,NA,NA,NA,NA
SEI-043,251,4,mastomys_spp,rodent,38,116,99,24,17,33,male,outside,developed,na,na,NA,NA,y,NA,1,yes,2020-12-08,6,seilama,seilama_1_4_6_251,NA,NA,NA,NA,NA
2-LAL-4001,194,1,crocidura_spp,shrew,20,110,60,17,7,29,male,outside,not_noted,na,na,NA,NA,y,NA,2,no,2021-04-03,4,lalehun,lalehun_2_1_4_194,NA,NA,NA,NA,NA
2-LAL-4002,191,1,crocidura_spp,shrew,NA,80,62,15,5,22,male,outside,not_noted,na,na,NA,NA,n,NA,2,no,2021-04-03,4,lalehun,lalehun_2_1_4_191,NA,NA,NA,NA,NA
2-LAL-6003,296,1,rattus_sp,rodent,52,135,160,3,20,39,male,inside,developed,na,na,NA,NA,y,NA,2,no,2021-04-03,6,lalehun,lalehun_2_1_6_296,NA,NA,NA,NA,NA
2-LAL-2004,96,2,mus_minutoides,rodent,15,80,60,15,15,22,male,outside,developed,na,na,NA,NA,y,NA,2,no,2021-04-03,2,lalehun,lalehun_2_2_2_96,NA,NA,NA,NA,NA
2-LAL-3005,106,2,crocidura_spp,shrew,21,115,89,19,8,NA,male,inside,undeveloped,na,na,NA,NA,y,NA,2,no,2021-04-04,3,lalehun,lalehun_2_2_3_106,NA,NA,NA,NA,NA
2-LAL-4006,174,3,mus_minutoides,rodent,11,78,49,14,10,22,female,na,na,not_recorded,not_recorded,0,0,y,NA,2,no,2021-04-05,4,lalehun,lalehun_2_3_4_174,NA,NA,NA,NA,NA
2-LAL-6007,308,3,mastomys_spp,rodent,13,87,98,70,15,22,female,na,na,not_open,barely_visible,0,0,y,NA,2,no,2021-04-05,6,lalehun,lalehun_2_3_6_308,NA,NA,NA,NA,NA
2-LAL-2008,52,4,mus_minutoides,rodent,12,75,58,16,11,25,male,outside,developed,na,na,NA,NA,y,NA,2,no,2021-04-06,2,lalehun,lalehun_2_4_2_52,NA,NA,NA,NA,NA
2-LAL-2009,76,4,crocidura_spp,shrew,11,84,60,15,5,25,female,na,na,not_open,barely_visible,0,0,y,NA,2,no,2021-04-06,2,lalehun,lalehun_2_4_2_76,NA,NA,NA,NA,NA
2-LAL-2010,92,4,crocidura_spp,shrew,15,90,54,15,7,26,female,na,na,not_recorded,not_recorded,0,0,y,NA,2,no,2021-04-06,2,lalehun,lalehun_2_4_2_92,NA,NA,NA,NA,NA
2-LAL-3011,114,4,crocidura_spp,shrew,32,135,70,18,10,35,female,na,na,open,visible,NA,0,y,NA,2,yes,2021-04-06,3,lalehun,lalehun_2_4_3_114,NA,NA,NA,NA,NA
2-LAL-4012,127,4,malacomys_edwardsi,rodent,40,118,165,31,23,35,male,outside,developed,na,na,NA,NA,y,NA,2,yes,2021-04-06,3,lalehun,lalehun_2_4_3_127,NA,NA,NA,NA,NA
2-LAL-4013,138,4,mastomys_spp,rodent,46,119,120,22,19,31,male,outside,developed,na,na,NA,NA,y,NA,2,yes,2021-04-06,3,lalehun,lalehun_2_4_3_138,NA,NA,NA,NA,NA
2-LAL-4014,190,4,mus_minutoides,rodent,6,55,46,14,9,NA,male,inside,undeveloped,na,na,NA,NA,y,NA,2,yes,2021-04-06,4,lalehun,lalehun_2_4_4_190,NA,NA,NA,NA,NA
2-LAL-5015,205,4,mus_minutoides,rodent,15,80,57,15,12,20,female,na,na,not_open,visible,NA,0,NA,NA,2,no,2021-04-06,5,lalehun,lalehun_2_4_5_205,NA,NA,NA,NA,NA
2-LAL-6016,293,4,rattus_sp,rodent,60,145,167,30,20,36,male,outside,developed,na,na,NA,NA,y,NA,2,yes,2021-04-06,6,lalehun,lalehun_2_4_6_293,NA,NA,NA,NA,NA
2-SEI-1001,35,1,mus_minutoides,rodent,12,74,60,15,10,20,female,na,na,open,visible,4,NA,y,NA,2,yes,2021-04-13,1,seilama,seilama_2_1_1_35,NA,NA,NA,NA,NA
2-SEI-1002,46,1,mastomys_spp,rodent,60,134,122,24,20,35,male,outside,developed,na,na,NA,NA,y,NA,2,yes,2021-04-13,1,seilama,seilama_2_1_1_46,NA,NA,NA,NA,NA
2-SEI-7003,74,1,rattus_spp,rodent,75,160,174,30,22,40,male,outside,not_noted,na,na,NA,NA,y,NA,2,yes,2021-04-13,7,seilama,seilama_2_1_7_74,NA,NA,NA,NA,NA
2-SEI-7004,87,1,mastomys_spp,rodent,80,140,125,25,19,32,female,na,na,open,visible,9,6,y,NA,2,yes,2021-04-13,7,seilama,seilama_2_1_7_87,NA,NA,NA,NA,NA
2-SEI-7005,89,1,mastomys_spp,rodent,52,111,104,22,17,25,female,na,na,open,visible,10,6,y,NA,2,yes,2021-04-13,7,seilama,seilama_2_1_7_89,NA,NA,NA,NA,NA
2-SEI-7007,98,1,mastomys_spp,rodent,66,130,129,22,18,30,male,outside,developed,na,na,NA,NA,y,NA,2,yes,2021-04-13,7,seilama,seilama_2_1_7_98,NA,NA,NA,NA,NA
2-SEI-4006,114,1,crocidura_spp,shrew,22,110,74,18,8,35,female,na,na,not_open,barely_visible,NA,0,y,NA,2,yes,2021-04-13,4,seilama,seilama_2_1_4_114,NA,NA,NA,NA,NA
2-SEI-4008,127,1,crocidura_spp,shrew,12,85,66,15,6,25,female,na,na,not_open,barely_visible,NA,0,y,NA,2,yes,2021-04-13,4,seilama,seilama_2_1_4_127,NA,NA,NA,NA,NA
2-SEI-4009,128,1,crocidura_spp,shrew,15,74,60,15,6,NA,female,na,na,not_open,barely_visible,NA,0,y,NA,2,yes,2021-04-13,4,seilama,seilama_2_1_4_128,NA,NA,NA,NA,NA
2-SEI-2010,156,1,praomys_spp,rodent,46,117,136,24,18,38,female,na,na,open,barely_visible,3,0,y,NA,2,yes,2021-04-13,2,seilama,seilama_2_1_2_156,NA,NA,NA,NA,NA
2-SEI-2011,174,1,praomys_spp,rodent,50,128,99,22,17,35,male,outside,developed,na,na,NA,NA,y,NA,2,yes,2021-04-13,2,seilama,seilama_2_1_2_174,NA,NA,NA,NA,NA
2-SEI-2012,180,1,praomys_spp,rodent,25,99,104,20,16,30,female,na,na,not_open,barely_visible,NA,0,y,NA,2,yes,2021-04-13,2,seilama,seilama_2_1_2_180,NA,NA,NA,NA,NA
2-SEI-2013,182,1,lophuromys_spp,rodent,58,135,NA,25,18,40,female,na,na,open,visible,3,0,y,broken_tail,2,yes,2021-04-13,2,seilama,seilama_2_1_2_182,NA,NA,NA,NA,NA
2-SEI-2014,186,1,crocidura_spp,shrew,22,100,65,14,8,30,female,na,na,open,visible,4,0,y,NA,2,yes,2021-04-13,2,seilama,seilama_2_1_2_186,NA,NA,NA,NA,NA
2-SEI-3015,201,1,mastomys_spp,rodent,52,130,120,25,18,35,male,outside,developed,na,na,NA,NA,y,NA,2,yes,2021-04-13,3,seilama,seilama_2_1_3_201,NA,NA,NA,NA,NA
2-SEI-3016,215,1,mastomys_spp,rodent,48,109,119,22,16,30,female,na,na,not_open,barely_visible,NA,0,y,NA,2,yes,2021-04-13,3,seilama,seilama_2_1_3_215,NA,NA,NA,NA,NA
2-SEI-3017,225,1,mastomys_spp,rodent,35,115,119,22,16,29,male,outside,undeveloped,na,na,NA,NA,y,NA,2,yes,2021-04-13,3,seilama,seilama_2_1_3_225,NA,NA,NA,NA,NA
2-SEI-3018,232,2,mastomys_spp,rodent,40,105,110,24,16,29,male,outside,developed,NA,NA,NA,NA,y,NA,2,yes,2021-04-14,3,seilama,seilama_2_2_3_232,NA,NA,NA,NA,NA
2-SEI-3019,265,2,mastomys_spp,rodent,65,125,105,26,16,30,male,outside,developed,NA,NA,NA,NA,y,NA,2,yes,2021-04-14,3,seilama,seilama_2_2_3_265,NA,NA,NA,NA,NA
2-SEI-3020,268,2,mastomys_spp,rodent,48,120,115,24,18,31,female,NA,NA,not_open,not_noted,NA,0,y,NA,2,yes,2021-04-14,3,seilama,seilama_2_2_3_268,NA,NA,NA,NA,NA
2-SEI-5021,272,2,crocidura_spp,shrew,22,105,82,20,10,NA,female,NA,NA,not_open,not_noted,NA,0,y,NA,2,yes,2021-04-14,5,seilama,seilama_2_2_5_272,NA,NA,NA,NA,NA
2-SEI-5022,292,2,praomys_spp,rodent,22,95,111,22,19,28,male,outside,undeveloped,NA,NA,NA,NA,y,NA,2,yes,2021-04-14,5,seilama,seilama_2_2_5_292,NA,NA,NA,NA,NA
2-SEI-5023,296,2,praomys_spp,rodent,39,110,135,22,16,26,female,NA,NA,open,visible,3,0,y,NA,2,yes,2021-04-14,5,seilama,seilama_2_2_5_296,NA,NA,NA,NA,NA
2-SEI-1024,5,2,mus_minutoides,rodent,11,70,69,15,10,21,female,NA,NA,not_open,NA,NA,NA,NA,NA,2,no,2021-04-14,1,seilama,seilama_2_2_1_5,NA,NA,NA,NA,NA
2-SEI-1025,11,2,mastomys_spp,rodent,43,107,119,17,17,29,male,outside,undeveloped,NA,NA,NA,NA,y,NA,2,yes,2021-04-14,1,seilama,seilama_2_2_1_11,NA,NA,NA,NA,NA
2-SEI-1026,19,2,praomys_spp,rodent,58,125,160,26,20,36,male,outside,developed,NA,NA,NA,NA,y,NA,2,yes,2021-04-14,1,seilama,seilama_2_2_1_19,NA,NA,NA,NA,NA
2-SEI-1027,22,2,mastomys_spp,rodent,35,104,105,22,17,28,male,outside,developed,NA,NA,NA,NA,y,NA,2,yes,2021-04-14,1,seilama,seilama_2_2_1_22,NA,NA,NA,NA,NA
2-SEI-1028,43,2,mus_minutoides,rodent,9,68,50,12,9,20,female,NA,NA,not_open,visible,2,0,y,NA,2,yes,2021-04-14,1,seilama,seilama_2_2_1_43,NA,NA,NA,NA,NA
2-SEI-7029,67,2,mastomys_spp,rodent,55,121,112,24,17,30,male,outside,developed,NA,NA,NA,NA,y,NA,2,yes,2021-04-14,7,seilama,seilama_2_2_7_67,NA,NA,NA,NA,NA
2-SEI-7030,69,2,mastomys_spp,rodent,35,101,119,24,16,25,female,NA,NA,open,visible,10,0,y,NA,2,yes,2021-04-14,7,seilama,seilama_2_2_7_69,NA,NA,NA,NA,NA
2-SEI-7031,86,3,mastomys_spp,rodent,40,114,115,25,18,32,male,outside,developed,NA,NA,NA,NA,y,NA,2,yes,2021-04-15,7,seilama,seilama_2_3_7_86,NA,NA,NA,NA,NA
2-SEI-7032,87,3,mastomys_spp,rodent,80,140,139,25,20,34,male,outside,developed,NA,NA,NA,NA,y,NA,2,yes,2021-04-15,7,seilama,seilama_2_3_7_87,NA,NA,NA,NA,NA
2-SEI-3033,126,3,mastomys_spp,rodent,33,99,102,24,15,27,female,NA,NA,not_open,visible,0,0,y,NA,2,yes,2021-04-15,4,seilama,seilama_2_3_4_126,NA,NA,NA,NA,NA
2-SEI-4034,139,3,lemniscomys_spp,rodent,45,117,120,25,15,29,female,NA,NA,open,visible,4,0,y,NA,2,yes,2021-04-15,4,seilama,seilama_2_3_4_139,NA,NA,NA,NA,NA
2-SEI-4035,140,3,mastomys_spp,rodent,27,98,100,24,15,25,female,NA,NA,open,visible,10,0,y,NA,2,yes,2021-04-15,4,seilama,seilama_2_3_4_140,NA,NA,NA,NA,NA
2-SEI-2036,153,3,crocidura_spp,shrew,12,94,60,14,6,19,female,NA,NA,not_open,not_noted,NA,0,y,NA,2,yes,2021-04-15,2,seilama,seilama_2_3_2_153,NA,NA,NA,NA,NA
2-SEI-2037,193,3,praomys_spp,rodent,48,125,142,22,20,32,female,NA,NA,open,visible,3,0,y,NA,2,yes,2021-04-15,2,seilama,seilama_2_3_2_193,NA,NA,NA,NA,NA
2-SEI-2038,194,3,mastomys_spp,rodent,33,103,102,24,18,28,female,NA,NA,open,visible,10,0,y,NA,2,yes,2021-04-15,2,seilama,seilama_2_3_2_194,NA,NA,NA,NA,NA
2-SEI-3039,219,3,mastomys_spp,rodent,56,125,125,24,17,30,male,outside,developed,NA,NA,NA,NA,y,NA,2,yes,2021-04-15,3,seilama,seilama_2_3_3_219,NA,NA,NA,NA,NA
2-SEI-3040,226,3,mastomys_spp,rodent,45,112,117,22,16,30,female,NA,NA,open,visible,10,0,y,NA,2,yes,2021-04-15,3,seilama,seilama_2_3_3_226,NA,NA,NA,NA,NA
2-SEI-5041,306,3,praomys_spp,rodent,40,109,130,22,19,25,female,NA,NA,open,visible,3,4,y,NA,2,yes,2021-04-15,5,seilama,seilama_2_3_5_306,NA,NA,NA,NA,NA
2-SEI-1042,26,4,praomys_spp,rodent,32,107,122,22,18,26,male,outside,undeveloped,NA,NA,NA,NA,y,NA,2,yes,2021-04-16,1,seilama,seilama_2_4_1_26,NA,NA,NA,NA,NA
2-SEI-1043,47,4,praomys_spp,rodent,41,122,142,25,19,30,female,NA,NA,not_recorded,visible,3,0,y,NA,2,yes,2021-04-16,1,seilama,seilama_2_4_1_47,NA,NA,NA,NA,NA
2-SEI-7044,66,4,mastomys_spp,rodent,30,104,105,24,17,27,female,NA,NA,not_recorded,visible,10,0,y,NA,2,yes,2021-04-16,7,seilama,seilama_2_4_7_66,NA,NA,NA,NA,NA
2-SEI-7045,67,4,mastomys_spp,rodent,60,127,125,24,18,35,female,NA,NA,open,visible,10,0,y,NA,2,yes,2021-04-16,7,seilama,seilama_2_4_7_67,NA,NA,NA,NA,NA
2-SEI-7046,82,4,rattus_spp,rodent,55,130,165,30,20,32,male,outside,not_noted,NA,NA,NA,NA,y,NA,2,yes,2021-04-16,7,seilama,seilama_2_4_7_82,NA,NA,NA,NA,NA
2-SEI-4047,101,4,lophuromys_spp,rodent,60,130,80,20,15,NA,male,outside,developed,NA,NA,NA,NA,y,NA,2,yes,2021-04-16,4,seilama,seilama_2_4_4_101,NA,NA,NA,NA,NA
2-SEI-4048,108,4,lophuromys_spp,rodent,60,125,67,20,15,30,male,outside,developed,NA,NA,NA,NA,y,NA,2,yes,2021-04-16,4,seilama,seilama_2_4_4_108,NA,NA,NA,NA,NA
2-SEI-2049,187,4,mus_minutoides,rodent,10,70,62,15,10,20,male,not_noted,not_noted,NA,NA,NA,NA,y,NA,2,yes,2021-04-16,2,seilama,seilama_2_4_2_187,NA,NA,NA,NA,NA
2-SEI-2050,195,4,mus_minutoides,rodent,10,74,55,14,11,20,female,NA,NA,open,visible,2,0,y,NA,2,yes,2021-04-16,2,seilama,seilama_2_4_2_195,NA,NA,NA,NA,NA
2-SEI-3051,223,4,mastomys_spp,rodent,21,94,89,20,14,25,male,inside,undeveloped,NA,NA,NA,NA,y,NA,2,yes,2021-04-16,3,seilama,seilama_2_4_3_223,NA,NA,NA,NA,NA
2-SEI-3052,270,4,mastomys_spp,rodent,60,125,125,25,18,30,male,outside,developed,NA,NA,NA,NA,y,NA,2,yes,2021-04-16,3,seilama,seilama_2_4_3_270,NA,NA,NA,NA,NA
2-SEI-5053,284,4,hybomys_spp,rodent,46,120,90,25,15,35,female,NA,NA,open,visible,4,0,y,NA,2,yes,2021-04-16,5,seilama,seilama_2_4_5_284,NA,NA,NA,NA,NA
2-SEI-5054,293,4,praomys_spp,rodent,45,120,147,25,20,29,male,outside,developed,NA,NA,NA,NA,y,NA,2,yes,2021-04-16,5,seilama,seilama_2_4_5_293,NA,NA,NA,NA,NA
2-SEI-5055,296,4,crocidura_spp,shrew,20,104,64,15,7,30,female,NA,NA,not_open,barely_visible,0,0,y,NA,2,yes,2021-04-16,5,seilama,seilama_2_4_5_296,NA,NA,NA,NA,NA
2-SEI-5056,305,4,hybomys_spp,rodent,28,97,89,28,15,32,male,outside,developed,NA,NA,NA,NA,y,NA,2,no,2021-04-16,5,seilama,seilama_2_4_5_305,NA,NA,NA,NA,NA
3-SEI-4020,151,3,crocidura_spp,NA,23,111,74,18,12,30,female,NA,NA,yes,yes,3,3,yes,NA,3,yes,2021-07-15,4,seilama,seilama_3_3_4_151,1626351032447.jpg,1626351043480.jpg,no,uuid:a899d076-7d8a-4edb-8e9a-0f6f5fcc0fc0,crocidura
3-SEI-2019,58,3,proamys_spp,NA,52,125,116,23,19,30,female,NA,NA,yes,yes,3,2,yes,NA,3,yes,2021-07-15,2,seilama,seilama_3_3_2_58,1626350709033.jpg,1626350720254.jpg,yes,uuid:871eb278-2d68-4bd2-901e-9b2197f43191,proamys
3-SEI-5018,225,3,proamys_spp,NA,37,112,148,25,18,31,male,external,yes,NA,NA,NA,NA,yes,NA,3,yes,2021-07-15,5,seilama,seilama_3_3_5_225,1626350458350.jpg,1626350467096.jpg,no,uuid:24ed863a-356b-4e68-b6a3-aa35d72b2553,proamys
3-SEI-4017,158,3,crocidura_spp,NA,22,117,70,19,9,30,female,NA,NA,yes,yes,6,3,yes,NA,3,yes,2021-07-15,4,seilama,seilama_3_3_4_158,1626350183524.jpg,1626350201985.jpg,no,uuid:c38993f1-fcc1-4c5b-9e82-2b9742043354,crocidura
3-SEI-1016,37,3,proamys_spp,NA,54,122,147,24,18,33,female,NA,NA,yes,yes,3,0,yes,NA,3,yes,2021-07-15,1,seilama,seilama_3_3_1_37,1626349855400.jpg,1626349870158.jpg,no,uuid:3b0306dd-f5d3-4cac-8a32-256b3711bdf6,proamys
3-SEI-6015,271,2,lophuromys_spp,NA,55,128,37,20,16,27,male,external,yes,NA,NA,NA,NA,yes,NA,3,yes,2021-07-14,6,seilama,seilama_3_2_6_271,1626269925175.jpg,1626269935629.jpg,yes,uuid:954f4d68-7cb1-4f33-b25c-732b3fce18f7,lophuromys
3-SEI-4014,218,2,lemniscomys_spp,NA,51,128,100,27,19,30,female,NA,NA,yes,yes,2,0,yes,NA,3,yes,2021-07-14,4,seilama,seilama_3_2_4_218,1626269479908.jpg,1626269491451.jpg,no,uuid:d202daaf-41cc-4d40-9596-66e7a11a8827,lemniscomys
3-SEI-5013,192,2,mastomys_spp,NA,60,130,108,24,20,34,female,NA,NA,yes,yes,9,0,yes,NA,3,yes,2021-07-14,5,seilama,seilama_3_2_5_192,1626268867597.jpg,1626268881746.jpg,no,uuid:cf31a951-d87d-4c68-9cbd-0f17c99d8f5f,mastomys
3-SEI-4012,167,2,crocidura_spp,NA,17,97,58,15,10,25,male,internal,no,NA,NA,NA,NA,yes,NA,3,yes,2021-07-14,4,seilama,seilama_3_2_4_167,1626268335321.jpg,1626268350894.jpg,no,uuid:16be8c1e-f551-42d0-a3e9-4c04e42bc319,crocidura
3-SEI-3011,130,2,mus_spp,NA,7,66,55,11,10,18,female,NA,NA,yes,yes,3,5,yes,NA,3,no,2021-07-14,3,seilama,seilama_3_2_3_130,1626267847771.jpg,1626267859835.jpg,no,uuid:8f0ec6f4-ee6a-457a-b1ff-faaf7533e29d,mus
3-SEI-2010,73,2,proamys_spp,NA,40,118,148,225,18,31,female,NA,NA,yes,yes,3,3,yes,NA,3,yes,2021-07-14,2,seilama,seilama_3_2_2_73,1626267307121.jpg,1626267317950.jpg,yes,uuid:5109fe10-e9eb-49e5-b605-f1015e4a952e,proamys
3-SEI-1009,2,2,crocidura_spp,NA,14,90,68,16,8,28,male,internal,no,NA,NA,NA,NA,yes,NA,3,no,2021-07-14,1,seilama,seilama_3_2_1_2,1626266554919.jpg,1626266574348.jpg,yes,uuid:36f9feae-ad3d-432a-a910-f430a7ad0974,crocidura
3-SEI-6008,274,2,crocidura_spp,NA,12,85,67,15,15,25,male,internal,no,NA,NA,NA,NA,yes,NA,3,yes,2021-07-14,6,seilama,seilama_3_2_6_274,1626266109937.jpg,1626266132699.jpg,yes,uuid:ead89b8d-a175-482b-a5fb-aef354cf9078,crocidura
3-SEI-3007,181,1,mastomys_natalensis,NA,8,142,122,24,18,30,male,external,yes,NA,NA,NA,NA,yes,NA,3,yes,2021-07-13,3,seilama,seilama_3_1_3_181,1626187623694.jpg,1626187634679.jpg,yes,uuid:01d3fe26-ebfd-42da-b94e-eadc27a9bf62,mastomys
3-SEI-2006,93,1,mus_minutoides,NA,14,78,52,13,10,20,male,external,yes,NA,NA,NA,NA,yes,NA,3,yes,2021-07-13,2,seilama,seilama_3_1_2_93,1626187034566.jpg,1626187050180.jpg,yes,uuid:f7176232-867b-41f1-989e-0b4ebb2fc4ee,mus
3-SEI-2005,62,1,proamys_spp,NA,50,129,148,24,19,30,female,NA,NA,yes,yes,3,3,yes,NA,3,yes,2021-07-13,2,seilama,seilama_3_1_2_62,1626186542135.jpg,1626186556126.jpg,yes,uuid:17d5d6b6-4012-44c7-9dba-17c27de7a023,proamys
3-SEI-2004,51,1,proamys_spp,NA,33,110,135,25,17,27,female,NA,NA,yes,yes,3,0,yes,NA,3,yes,2021-07-13,2,seilama,seilama_3_1_2_51,1626186057137.jpg,1626186069218.jpg,yes,uuid:ae7dbb90-194c-4bfd-92d8-4e3ffe9112ef,proamys
3-SEI-1003,42,1,crocidura_spp,NA,36,126,70,19,12,32,female,NA,NA,yes,yes,3,0,yes,NA,3,yes,2021-07-13,1,seilama,seilama_3_1_1_42,1626185529101.jpg,1626185542892.jpg,yes,uuid:b34adfc0-807e-45d0-8c37-e1b697879931,crocidura
3-SEI-1002,16,1,crocidura_spp,NA,31,130,78,18,11,30,female,NA,NA,yes,yes,3,3,yes,NA,3,yes,2021-07-13,1,seilama,seilama_3_1_1_16,1626184996305.jpg,1626185008022.jpg,yes,uuid:93facced-8158-4733-a537-7dd5bc57eeb8,crocidura
3-SEI-2001,53,1,rattus_rattus,NA,22,99,155,25,15,28,female,NA,NA,yes,yes,3,0,yes,NA,3,yes,2021-07-13,2,seilama,seilama_3_1_2_53,1626184502659.jpg,1626184522885.jpg,yes,uuid:1d07ae4e-8046-4329-b2c5-53830c27788f,rattus
3-LAL-5013,208,4,mus_minutoides,NA,18,79,55,12,15,22,female,NA,NA,yes,yes,3,0,yes,NA,3,yes,2021-07-12,5,lalehun,lalehun_3_4_5_208,1626087226360.jpg,1626087237299.jpg,no,uuid:5fa9289c-1e60-444c-a231-c81cd1b6ce8e,mus
3-LAL-3012,154,4,crocidura_spp,NA,35,126,75,20,10,34,male,internal,yes,NA,NA,NA,NA,yes,NA,3,yes,2021-07-12,3,lalehun,lalehun_3_4_3_154,1626086614497.jpg,1626086630249.jpg,no,uuid:930d66cc-aa1c-40ee-8cdc-b252b6fc5e05,crocidura
3-LAL-4011,250,4,crocidura_spp,NA,27,115,73,16,13,35,female,NA,NA,yes,yes,3,0,yes,NA,3,yes,2021-07-12,4,lalehun,lalehun_3_4_4_250,1626086109830.jpg,1626086121790.jpg,no,uuid:00437874-95c4-43f7-b1ee-982f423b5db9,crocidura
3-LAL-6010,127,4,crocidura_spp,NA,23,110,80,19,8,30,male,internal,yes,NA,NA,NA,NA,yes,NA,3,no,2021-07-12,6,lalehun,lalehun_3_4_6_127,1626085536821.jpg,1626085549378.jpg,no,uuid:84a7dda4-516e-47c5-929a-5073aadd1071,crocidura
3-LAL-6009,146,4,rattus_rattus,NA,23,95,109,24,18,25,female,NA,NA,yes,yes,3,0,yes,NA,3,yes,2021-07-12,6,lalehun,lalehun_3_4_6_146,1626085087396.jpg,1626085098265.jpg,no,uuid:1e281805-d706-4e20-be94-7ae3d29aeb31,rattus
3-LAL-6008,136,4,rattus_rattus,NA,49,128,164,28,20,34,female,NA,NA,yes,yes,3,0,yes,NA,3,yes,2021-07-12,6,lalehun,lalehun_3_4_6_136,1626084589115.jpg,1626084604402.jpg,no,uuid:1341a5a8-aacd-4359-9fd8-f66520cefd02,rattus
3-LAL-2007,97,3,mastomys_natalensis,NA,52,121,114,24,18,32,female,NA,NA,yes,yes,9,0,yes,NA,3,yes,2021-07-11,2,lalehun,lalehun_3_3_2_97,1625997760859.jpg,1625997779872.jpg,no,uuid:240624e8-2a81-4042-9611-006d27d44447,mastomys
3-LAL-2006,44,2,crocidura_spp,NA,33,130,83,19,10,40,female,NA,NA,yes,yes,3,NA,yes,NA,3,no,2021-07-10,2,lalehun,lalehun_3_2_2_44,1625915645312.jpg,1625915661826.jpg,no,uuid:411b5fae-58b0-4f36-a2c0-256c4fb3e675,crocidura
3-LAL-1005,2,2,mastomys_natalensis,NA,47,131,122,22,16,33,female,NA,NA,yes,yes,8,NA,yes,NA,3,yes,2021-07-10,1,lalehun,lalehun_3_2_1_2,1625914759222.jpg,1625914781157.jpg,no,uuid:fae7b16a-0a67-45d4-af8f-1b0a6e2d5832,mastomys
3-LAL-3004,170,1,crocidura_spp,NA,21,104,69,15,7,30,male,external,yes,NA,NA,NA,NA,yes,NA,3,yes,2021-07-09,3,lalehun,lalehun_3_1_3_170,1625834667665.jpg,1625834676666.jpg,yes,uuid:74bee2c9-5817-49a2-aaaa-4d4bf2caa182,crocidura
3-LAL-2003,55,1,proamys_spp,NA,80,85,20,17,15,25,male,external,yes,NA,NA,NA,NA,yes,NA,3,yes,2021-07-09,2,lalehun,lalehun_3_1_2_55,1625834153165.jpg,1625834165906.jpg,yes,uuid:53527e85-a218-4068-b5ed-160cd0f9cb1d,proamys
3-LAL-1002,48,1,crocidura_spp,NA,25,120,75,20,11,34,male,external,yes,NA,NA,NA,NA,yes,NA,3,yes,2021-07-09,1,lalehun,lalehun_3_1_1_48,1625833517302.jpg,1625833530251.jpg,yes,uuid:23fc8b1a-bd1d-429c-8c23-bcd13baeba8b,crocidura
3-LAL-1001,14,1,crocidura_spp,NA,29,122,75,20,12,29,female,NA,NA,yes,yes,2,0,yes,NA,3,yes,2021-07-09,1,lalehun,lalehun_3_1_1_14,1625833069954.jpg,1625833080574.jpg,yes,uuid:e7cb2ab7-2203-4acf-aadd-4da01fa2b58d,crocidura
1-BAI-1002,22,2,proamys_spp,NA,46,102,132,26,19,35,female,NA,NA,yes,yes,4,3,no,NA,1,yes,2021-07-06,1,baiama,baiama_1_2_1_22,NA,NA,no,uuid:0acb5329-fbe5-4ea2-a2b6-b51e0df51955,proamys
1-BAI-4001,194,1,crocidura_spp,NA,21,84,60,15,8,23,male,internal,no,NA,NA,NA,NA,no,NA,1,no,2021-07-06,4,baiama,baiama_1_1_4_194,NA,NA,no,uuid:bef48975-6782-4abc-9b67-7e16fd4b9dc6,crocidura
1-LAM-1006,44,4,crocidura_spp,NA,33,120,68,19,9,34,female,NA,NA,yes,yes,3,0,yes,NA,1,no,2021-07-02,1,lambayama,lambayama_1_4_1_44,1625227009797.jpg,1625227020579.jpg,no,uuid:d6b9caf1-643d-4668-be7e-eda0f6f9d7b1,crocidura
1-LAM-3005,151,4,crocidura_spp,NA,34,99,70,18,10,30,female,NA,NA,yes,yes,3,3,yes,NA,1,no,2021-07-02,3,lambayama,lambayama_1_4_3_151,1625226494540.jpg,1625226510341.jpg,no,uuid:952bff1c-6cc0-409d-8113-4c59df93531b,crocidura
1-LAM-1004,48,4,crocidura_spp,NA,33,127,176,18,11,40,female,NA,NA,yes,yes,3,0,yes,NA,1,no,2021-07-02,1,lambayama,lambayama_1_4_1_48,1625226008566.jpg,1625226025186.jpg,no,uuid:3c9697ea-0702-4f14-9f5d-3806fdcb142e,crocidura
1-LAM-4003,188,1,crocidura_spp,NA,45,140,85,18,12,35,male,internal,yes,NA,NA,NA,NA,no,NA,1,yes,2021-06-30,4,lambayama,lambayama_1_1_4_188,NA,NA,no,uuid:f5740d48-cc5b-4a73-bd86-9df763a8d2dc,crocidura
1-LAM-3002,110,1,crocidura_spp,NA,25,117,68,18,10,10,female,NA,NA,yes,yes,3,0,no,NA,1,yes,2021-06-30,3,lambayama,lambayama_1_1_3_110,NA,NA,no,uuid:b077a4c4-c9a5-4105-b81b-5340e1fa7abf,crocidura
1-LAM-1001,13,1,crocidura_spp,NA,138,99,78,19,10,39,male,external,yes,NA,NA,NA,NA,no,NA,1,no,2021-06-30,1,lambayama,lambayama_1_1_1_13,NA,NA,no,uuid:d7585bac-7038-41e5-a5b2-f6ab2a74da41,crocidura
1-BAM-2014,68,4,dasymys_spp,NA,64,129,116,25,19,32,male,external,yes,NA,NA,NA,NA,yes,NA,1,no,2021-06-27,2,bambawo,bambawo_1_4_2_68,1624807693955.jpg,1624807717724.jpg,no,uuid:9f248cd5-5886-42a3-81f2-78295c3df3c7,dasymys
1-BAM-2013,64,4,dasymys_spp,NA,55,19,124,22,17,35,female,NA,NA,yes,yes,6,0,yes,NA,1,yes,2021-06-27,2,bambawo,bambawo_1_4_2_64,1624807202518.jpg,1624807216216.jpg,no,uuid:5a04ebf7-a2dd-4279-b221-0693e6ce912a,dasymys
1-BAM-4012,132,4,lemniscomys_spp,NA,47,120,130,25,17,30,male,external,yes,NA,NA,NA,NA,yes,NA,1,yes,2021-06-27,4,bambawo,bambawo_1_4_4_132,1624806809560.jpg,1624806821452.jpg,no,uuid:51aec77d-b0fb-48fc-ba9d-6579eb6f80fa,lemniscomys
1-BAM-1011,2,4,mus_minutoides,NA,11,76,44,14,11,22,female,NA,NA,yes,yes,6,0,yes,NA,1,no,2021-06-27,1,bambawo,bambawo_1_4_1_2,1624806358849.jpg,1624806374253.jpg,no,uuid:a601bd84-a2b3-4c88-b907-f64fcdd3857e,mus
1-BAM-3010,199,4,crocidura_spp,NA,20,117,76,19,11,33,male,internal,yes,NA,NA,NA,NA,yes,NA,1,yes,2021-06-27,3,bambawo,bambawo_1_4_3_199,1624805908841.jpg,1624805932019.jpg,no,uuid:a3a2b97a-c23d-402b-b36c-8d10ad6a5024,crocidura
1-BAM-4009,203,4,lophuromys_sikapusi,NA,69,125,70,22,16,30,female,NA,NA,yes,yes,4,2,no,NA,1,no,2021-06-27,4,bambawo,bambawo_1_4_4_203,NA,NA,no,uuid:460457f1-3cb1-4d47-a27d-16ed8082c4be,lophuromys
1-BAM-3008,183,3,mus_minutoides,NA,7,53,48,13,8,24,male,external,yes,NA,NA,NA,NA,no,NA,1,no,2021-06-26,3,bambawo,bambawo_1_3_3_183,1624710319333.jpg,NA,no,uuid:adf45df5-4320-4297-8f6a-d9e27b128f9a,mus
1-BAM-4007,213,2,mus_minutoides,NA,7,63,57,14,9,15,male,external,yes,NA,NA,NA,NA,yes,NA,1,yes,2021-06-25,4,bambawo,bambawo_1_2_4_213,1624629557196.jpg,1624629571235.jpg,yes,uuid:acb21511-aa66-48d5-b386-67ffacbf95f4,mus
1-BAM-2006,61,2,mastomys_natalensis,NA,55,125,116,22,19,30,male,external,yes,NA,NA,NA,NA,yes,NA,1,yes,2021-06-25,2,bambawo,bambawo_1_2_2_61,1624629113602.jpg,1624629125440.jpg,yes,uuid:8bd0b0de-8515-45a2-b2d0-e9ef6de244fb,mastomys
1-BAM-3005,184,2,mus_minutoides,NA,6,58,45,10,9,15,female,NA,NA,NA,NA,NA,2,yes,NA,1,no,2021-06-25,3,bambawo,bambawo_1_2_3_184,1624628668702.jpg,1624628680515.jpg,yes,uuid:d5bdb712-b273-461c-9109-59bd81a687d8,mus
1-BAM-3004,186,2,shrew_spp,NA,11,89,55,14,8,25,female,NA,NA,yes,no,NA,0,yes,NA,1,yes,2021-06-25,3,bambawo,bambawo_1_2_3_186,1624628220228.jpg,1624628240005.jpg,yes,uuid:25c1781c-5ec1-4920-b6a4-dc0aa11c5949,shrew
1-BAM-3003,155,2,lophuromys_spp,NA,60,129,73,22,15,30,female,NA,NA,yes,yes,3,2,no,NA,1,yes,2021-06-25,3,bambawo,bambawo_1_2_3_155,NA,1624627578807.jpg,yes,uuid:9055a9cb-cde8-4c4b-a53e-18c74ad00b6e,lophuromys
1-BAM-1002,13,1,proamys_spp,NA,34,104,135,21,19,26,female,NA,NA,yes,yes,3,3,no,NA,1,yes,2021-06-24,1,bambawo,bambawo_1_1_1_13,NA,NA,no,uuid:458d1e7e-9e40-4df5-b3d4-236d665d5e91,proamys
1-BAM-1001,9,1,mus_minutoides,NA,11,70,57,17,10,20,female,NA,NA,yes,no,NA,0,no,NA,1,yes,2021-06-24,1,bambawo,bambawo_1_1_1_9,NA,NA,no,uuid:4b2556c4-528c-4e25-a5df-7a8eb22ac989,mus
